sample_position,canonical_company_id,company_name,tax_number,registration_number,address,ambiguity_category,candidate_count,registrable_domain_count,current_selected_website,diagnostic_leader,leader_score,leader_tier,margin_to_next_candidate,ANDREJ_OFFICIAL_WEBSITE,ANDREJ_NOTES,human_assertion_status,human_confidence,human_domains,stored_candidate_domains,candidate_preview_complete,human_domain_is_diagnostic_leader,human_domain_in_stored_candidates,matched_stored_domains,benchmark_outcome,review_difficulty,failure_mechanism,selective_ai_disposition,assertion_id,source_id
1,16486,"AMBULANTA ROŽENBERGAR, d.o.o.",77559762,9180257,"Kandijska cesta 4, 8000 Novo mesto",NO_MEANINGFUL_IDENTITY_SUPPORT,3,3,,ambulantarozenbergar.com,6,NO_LEADER,0,,nisem našel www,LIKELY_NO_OFFICIAL_WEBSITE,MEDIUM,,ambulantarozenbergar.com|ambulantarozenbergar.eu|ambulantarozenbergar.si,Y,N,N,,LIKELY_NO_OFFICIAL_WEBSITE,NOT_STATED,NO_FALSE_NEGATIVE_SUPPORTED,NO_AI_BY_DEFAULT,assert_88f23d891774c97ca06c892c256dea500c33b13bb67bbe699e9b7e8d7f20160e,src_75cc2f84e2ce7716e0a6afb2f27b5a655a2503577eb11918ca52f83b83c86f41
2,13345,KORA DENS d.o.o.,39193365,1907026,"Kogovškova ulica 1, 1000 Ljubljana",NO_MEANINGFUL_IDENTITY_SUPPORT,3,3,,koradens.com,6,NO_LEADER,0,,nisem našel www,LIKELY_NO_OFFICIAL_WEBSITE,MEDIUM,,koradens.com|koradens.eu|koradens.si,Y,N,N,,LIKELY_NO_OFFICIAL_WEBSITE,NOT_STATED,NO_FALSE_NEGATIVE_SUPPORTED,NO_AI_BY_DEFAULT,assert_41e2d89238ff937d783b24b39f0debc839bbdd67ddeef6c2a6e6c76723194484,src_75cc2f84e2ce7716e0a6afb2f27b5a655a2503577eb11918ca52f83b83c86f41
3,15924,MAZES d.o.o.,85518484,8942129,"Polje 378, 1260 Ljubljana - Polje",NO_MEANINGFUL_IDENTITY_SUPPORT,3,3,,mazes.com,6,NO_LEADER,0,mazes.eu,stran brez vsebine,CONFIRMED_OFFICIAL_WEBSITE,HIGH,mazes.eu,mazes.com|mazes.eu|mazes.si,Y,N,Y,mazes.eu,CORRECT_DOMAIN_PRESENT_BUT_NOT_SELECTED,NOT_STATED,CANDIDATE_RANKING_OR_ATTRIBUTION,NO_AI_DETERMINISTIC_EVIDENCE_SUFFICIENT,assert_0fb59e6a8439c73ccd0da15f2744872199a270613ccc2a01fa669dee4fea2f20,src_75cc2f84e2ce7716e0a6afb2f27b5a655a2503577eb11918ca52f83b83c86f41
4,15812,"SPV, STANOVANJSKO PODJETJE VELEN...",11145706,8602735,"Stari trg 2, 3320 Velenje",NO_MEANINGFUL_IDENTITY_SUPPORT,3,3,,spvstanovanjskopodjetjevelen.com,6,NO_LEADER,0,https://www.sp-velenje.si,,CONFIRMED_OFFICIAL_WEBSITE,HIGH,sp-velenje.si,spvstanovanjskopodjetjevelen.com|spvstanovanjskopodjetjevelen.eu|spvstanovanjskopodjetjevelen.si,Y,N,N,,OFFICIAL_EXISTS_BUT_SEARCH_MISSED,NOT_STATED,SEARCH_RECALL_OR_EXTRACTION_GAP,NEW_SEARCH_BEFORE_AI,assert_a1a2a40d72b37bc40d92e32422f9b9c5f11fa0a6ce9aa96c9642c198639ef8a7,src_75cc2f84e2ce7716e0a6afb2f27b5a655a2503577eb11918ca52f83b83c86f41
5,17039,ALBIND d.o.o.,33150885,3624498,"Trg svobode 12, 5222 Kobarid",NO_MEANINGFUL_IDENTITY_SUPPORT,3,3,,albind.com,6,NO_LEADER,0,,nisem našel www,LIKELY_NO_OFFICIAL_WEBSITE,MEDIUM,,albind.com|albind.eu|albind.si,Y,N,N,,LIKELY_NO_OFFICIAL_WEBSITE,NOT_STATED,NO_FALSE_NEGATIVE_SUPPORTED,NO_AI_BY_DEFAULT,assert_8b6b46de8ef8ebdcc3277ed861c183d71a72106f18f0fc4359d7cdb0de4965c9,src_75cc2f84e2ce7716e0a6afb2f27b5a655a2503577eb11918ca52f83b83c86f41
6,14817,ATO COMM d.o.o.,19483660,9174311,"Ptujska Gora 37A, 2323 Ptujska gora",NO_MEANINGFUL_IDENTITY_SUPPORT,3,3,,atocomm.eu,16,NO_LEADER,10,https://www.atocomm.eu,težko najti,CONFIRMED_OFFICIAL_WEBSITE,HIGH,atocomm.eu,atocomm.eu|atocomm.com|atocomm.si,Y,Y,Y,atocomm.eu,CORRECT_DOMAIN_ALREADY_IN_STORED_EVIDENCE,DIFFICULT_TO_FIND,AUTHORIZATION_THRESHOLD_TOO_STRICT,NO_AI_DETERMINISTIC_EVIDENCE_SUFFICIENT,assert_40038367c54f555bddd0798f9b382006068dda11bdff3e1358127fec26dbd938,src_75cc2f84e2ce7716e0a6afb2f27b5a655a2503577eb11918ca52f83b83c86f41
7,15695,"GRMTRANS, d.o.o.",95403035,9064664,"Liminjanska cesta 78, 6320 Portorož - Portorose",NO_MEANINGFUL_IDENTITY_SUPPORT,3,3,,grmtrans.com,6,NO_LEADER,0,,nisem našel www,LIKELY_NO_OFFICIAL_WEBSITE,MEDIUM,,grmtrans.com|grmtrans.eu|grmtrans.si|support.google.com,Y,N,N,,LIKELY_NO_OFFICIAL_WEBSITE,NOT_STATED,NO_FALSE_NEGATIVE_SUPPORTED,NO_AI_BY_DEFAULT,assert_5f2259e3142370413062129ef851e90060f2625696809cce5fc02d8a3a52f5a6,src_75cc2f84e2ce7716e0a6afb2f27b5a655a2503577eb11918ca52f83b83c86f41
8,16655,AMISTLINE d.o.o.,78856434,8441898,"Cesta španskih borcev 33B, 1260 Ljubljana - Polje",NO_MEANINGFUL_IDENTITY_SUPPORT,3,3,,amistline.com,6,NO_LEADER,0,,nisem našel www,LIKELY_NO_OFFICIAL_WEBSITE,MEDIUM,,amistline.com|amistline.eu|amistline.si,Y,N,N,,LIKELY_NO_OFFICIAL_WEBSITE,NOT_STATED,NO_FALSE_NEGATIVE_SUPPORTED,NO_AI_BY_DEFAULT,assert_8241d5d3ea0e6ffad52f38c3f27a25cc0954bbc6d85a668fee386b40cb1d61fc,src_75cc2f84e2ce7716e0a6afb2f27b5a655a2503577eb11918ca52f83b83c86f41
9,18675,"DIMNIKARJI, d.o.o.",95637036,5831911,"Cesta Otona Župančiča 17, 1410 Zagorje ob Savi",NO_MEANINGFUL_IDENTITY_SUPPORT,3,3,,dimnikarji.com,6,NO_LEADER,0,,nisem našel www,LIKELY_NO_OFFICIAL_WEBSITE,MEDIUM,,dimnikarji.com|dimnikarji.eu|dimnikarji.si,Y,N,N,,LIKELY_NO_OFFICIAL_WEBSITE,NOT_STATED,NO_FALSE_NEGATIVE_SUPPORTED,NO_AI_BY_DEFAULT,assert_d598680799e0df27a0666c7ef4691f50989c38389ed75869fd67a847b013dabb,src_75cc2f84e2ce7716e0a6afb2f27b5a655a2503577eb11918ca52f83b83c86f41
10,16690,ŠTRK - GRMIČ d.o.o.,43124968,5429609,"Južna ulica 19, 9000 Murska Sobota",NO_MEANINGFUL_IDENTITY_SUPPORT,3,3,,strkgrmic.com,6,NO_LEADER,0,https://www.eusredstva.si,težko najti,CONFIRMED_OFFICIAL_WEBSITE,HIGH,eusredstva.si,strkgrmic.com|strkgrmic.eu|strkgrmic.si,Y,N,N,,OFFICIAL_EXISTS_BUT_SEARCH_MISSED,DIFFICULT_TO_FIND,SEARCH_RECALL_OR_EXTRACTION_GAP,ELIGIBLE_SEARCH_INTERPRETATION,assert_c4f0a62d76c2ab1e808f90bd5edb5f502874be3c7ac206422c5a8d8b9186729e,src_75cc2f84e2ce7716e0a6afb2f27b5a655a2503577eb11918ca52f83b83c86f41
11,11719,BENZ d.o.o.,84344903,5746922,"Glavna cesta 43, 4202 Naklo",NO_MEANINGFUL_IDENTITY_SUPPORT,6,5,,zhihu.com,28,NO_LEADER,7,https://www.restavracija-bolero.si,težko najti,CONFIRMED_OFFICIAL_WEBSITE,HIGH,restavracija-bolero.si,zhihu.com|frontporchforum.com|blog.frontporchforum.com|benz.com|benz.eu|benz.si,Y,N,N,,OFFICIAL_EXISTS_BUT_SEARCH_MISSED,DIFFICULT_TO_FIND,SEARCH_RECALL_OR_EXTRACTION_GAP,ELIGIBLE_SEARCH_INTERPRETATION,assert_82e90166466dc132f4bc9dd5aa7dce729d694d40fe75aeb74dc8856b4ad28894,src_75cc2f84e2ce7716e0a6afb2f27b5a655a2503577eb11918ca52f83b83c86f41
12,16686,EKOFINK SERVIS d.o.o.,70383979,7050712,"Čebelarska ulica 18A, 1000 Ljubljana",NO_MEANINGFUL_IDENTITY_SUPPORT,10,5,,speedtest.net,44,NO_LEADER,26,,nisem našel www,LIKELY_NO_OFFICIAL_WEBSITE,MEDIUM,,speedtest.net|install.speedtest.net|packagecloud.io|intelligence.speedtest.net|linksys.speedtest.net|ciscoconnect.speedtest.net,N,N,N,,LIKELY_NO_OFFICIAL_WEBSITE,NOT_STATED,NO_FALSE_NEGATIVE_SUPPORTED,NO_AI_BY_DEFAULT,assert_c65074bcb1aa268d0a04f00613c1ad0b9ae9802d538004e60d355ba9be6a9fc2,src_75cc2f84e2ce7716e0a6afb2f27b5a655a2503577eb11918ca52f83b83c86f41
13,5869,Bartec Central Services d.o.o.,16220102,8276668,"Letališka cesta 33Z, 1000 Ljubljana",NO_MEANINGFUL_IDENTITY_SUPPORT,3,3,,barteccentralservices.com,6,NO_LEADER,0,,"ni slo www; emaili so na bartec.com ki je morda stran ""mame"", definitivno pa ne njihova",COMPLEX_RELATIONSHIP,MEDIUM,,barteccentralservices.com|barteccentralservices.eu|barteccentralservices.si,Y,N,N,,COMPLEX_BRAND_OR_GROUP_RELATIONSHIP,NOT_STATED,ENTITY_RELATIONSHIP_NOT_MODELED,ELIGIBLE_RELATIONSHIP_DISAMBIGUATION,assert_953156fd22921c7d82416e1f5b0da6ef281c33d54b029471421a24cc3bbdcc83,src_75cc2f84e2ce7716e0a6afb2f27b5a655a2503577eb11918ca52f83b83c86f41
14,313,GEMINI MS d.o.o.,57347336,6973019,"Veslaška promenada 14, 4260 Bled",NO_MEANINGFUL_IDENTITY_SUPPORT,3,3,,geminims.com,6,NO_LEADER,0,vilapreseren.com,težko najti,CONFIRMED_OFFICIAL_WEBSITE,HIGH,vilapreseren.com,geminims.com|geminims.eu|geminims.si,Y,N,N,,OFFICIAL_EXISTS_BUT_SEARCH_MISSED,DIFFICULT_TO_FIND,SEARCH_RECALL_OR_EXTRACTION_GAP,ELIGIBLE_SEARCH_INTERPRETATION,assert_f004b3b48cbbd09eb1257733bf50667fd69f81b43504021051b00dc04e3877f5,src_75cc2f84e2ce7716e0a6afb2f27b5a655a2503577eb11918ca52f83b83c86f41
15,18452,BARJANKA d.o.o.,77606442,7015496,"Barjanska cesta 90, 1000 Ljubljana",NO_MEANINGFUL_IDENTITY_SUPPORT,3,3,,barjanka.si,16,NO_LEADER,10,,nisem našel www,LIKELY_NO_OFFICIAL_WEBSITE,MEDIUM,,barjanka.si|barjanka.com|barjanka.eu,Y,N,N,,LIKELY_NO_OFFICIAL_WEBSITE,NOT_STATED,NO_FALSE_NEGATIVE_SUPPORTED,NO_AI_BY_DEFAULT,assert_2183a301c5370b06a3d6bda1a53d59acc4a46fc04bae92aa3ab171a1d321460b,src_75cc2f84e2ce7716e0a6afb2f27b5a655a2503577eb11918ca52f83b83c86f41
16,5925,IGC PROJEKT d.o.o.,76216578,6187269,"Kajuhova ulica 28, 6310 Izola - Isola",NO_MEANINGFUL_IDENTITY_SUPPORT,3,3,,igcprojekt.com,6,NO_LEADER,0,,nisem našel www,LIKELY_NO_OFFICIAL_WEBSITE,MEDIUM,,igcprojekt.com|igcprojekt.eu|igcprojekt.si,Y,N,N,,LIKELY_NO_OFFICIAL_WEBSITE,NOT_STATED,NO_FALSE_NEGATIVE_SUPPORTED,NO_AI_BY_DEFAULT,assert_512123a55d097791d5ce21fcf460529e068410af64f1942c05bf9049f8c368d6,src_75cc2f84e2ce7716e0a6afb2f27b5a655a2503577eb11918ca52f83b83c86f41
17,14450,BOMLES d.o.o.,80033512,6531237,"Kamniška ulica 25, 1000 Ljubljana",NO_MEANINGFUL_IDENTITY_SUPPORT,3,3,,bomles.si,16,NO_LEADER,10,https://bomles.si/,lahko najti,CONFIRMED_OFFICIAL_WEBSITE,HIGH,bomles.si,bomles.si|bomles.com|bomles.eu,Y,Y,Y,bomles.si,CORRECT_DOMAIN_ALREADY_IN_STORED_EVIDENCE,EASY_TO_FIND,AUTHORIZATION_THRESHOLD_TOO_STRICT,NO_AI_DETERMINISTIC_EVIDENCE_SUFFICIENT,assert_f114f570fb43bc2d8a9d8d62e67a0df889e2867780af81cd144d41470a7208a4,src_75cc2f84e2ce7716e0a6afb2f27b5a655a2503577eb11918ca52f83b83c86f41
18,2748,Prima Catering d.o.o.,78772702,8717630,"Juhartova ulica 2, 3311 Šempeter v Savinjski dolini",NO_MEANINGFUL_IDENTITY_SUPPORT,3,3,,primacatering.com,6,NO_LEADER,0,primacatering.si,težko najti,CONFIRMED_OFFICIAL_WEBSITE,HIGH,primacatering.si,primacatering.com|primacatering.eu|primacatering.si,Y,N,Y,primacatering.si,CORRECT_DOMAIN_PRESENT_BUT_NOT_SELECTED,DIFFICULT_TO_FIND,CANDIDATE_RANKING_OR_ATTRIBUTION,NO_AI_DETERMINISTIC_EVIDENCE_SUFFICIENT,assert_8b0592fd94e37e4bc3c01d804524c8d9c7c3a3b0e3e916a74a387b0dcebbd13c,src_75cc2f84e2ce7716e0a6afb2f27b5a655a2503577eb11918ca52f83b83c86f41
19,15908,"OTROŠKA IGRALNICA MALINA, d.o.o.",50835157,6322646,"Gabrščkova ulica 73, 1000 Ljubljana",NO_MEANINGFUL_IDENTITY_SUPPORT,3,3,,otroskaigralnicamalina.com,6,NO_LEADER,0,https://www.vrtecmalina.si,,CONFIRMED_OFFICIAL_WEBSITE,HIGH,vrtecmalina.si,otroskaigralnicamalina.com|otroskaigralnicamalina.eu|otroskaigralnicamalina.si,Y,N,N,,OFFICIAL_EXISTS_BUT_SEARCH_MISSED,NOT_STATED,SEARCH_RECALL_OR_EXTRACTION_GAP,NEW_SEARCH_BEFORE_AI,assert_58d1912f40735775c1c35a9f223a2de6046f8c0009718959eef74a4726252cfe,src_75cc2f84e2ce7716e0a6afb2f27b5a655a2503577eb11918ca52f83b83c86f41
20,14478,SLIKOFAS KANCLER d.o.o.,28727258,9311726,"Spodnja Gorica 3, 2327 Rače",NO_MEANINGFUL_IDENTITY_SUPPORT,11,5,,speedtest.net,44,NO_LEADER,28,,nisem našel www,LIKELY_NO_OFFICIAL_WEBSITE,MEDIUM,,speedtest.net|intelligence.speedtest.net|linksys.speedtest.net|ciscoconnect.speedtest.net|app.speedtest.net|install.speedtest.net,N,N,N,,LIKELY_NO_OFFICIAL_WEBSITE,NOT_STATED,NO_FALSE_NEGATIVE_SUPPORTED,NO_AI_BY_DEFAULT,assert_38bf3df7453e6367d068e74e114a28e14d0f8cf5d99eaa9e8cefa07dbffc4863,src_75cc2f84e2ce7716e0a6afb2f27b5a655a2503577eb11918ca52f83b83c86f41
21,9251,TAIK INŽENIRING d.o.o.,77278054,3281361,"Bistriška ulica 10, 1000 Ljubljana",NO_MEANINGFUL_IDENTITY_SUPPORT,9,9,,nigrad.si,18,NO_LEADER,2,,nisem našel www,LIKELY_NO_OFFICIAL_WEBSITE,MEDIUM,,nigrad.si|tames.si|proplus.si|data.si|taktilpro.si|vokasnaga.si,N,N,N,,LIKELY_NO_OFFICIAL_WEBSITE,NOT_STATED,NO_FALSE_NEGATIVE_SUPPORTED,NO_AI_BY_DEFAULT,assert_76d5cbc023cbaa6749c1054163517ff5146f42456573ca6ac968af8ebf2cf140,src_75cc2f84e2ce7716e0a6afb2f27b5a655a2503577eb11918ca52f83b83c86f41
22,17911,GP DALIPOSKI d.o.o.,88635988,9138200,"Proletarska cesta 4, 1000 Ljubljana",NO_MEANINGFUL_IDENTITY_SUPPORT,3,3,,gpdaliposki.com,6,NO_LEADER,0,,nisem našel www,LIKELY_NO_OFFICIAL_WEBSITE,MEDIUM,,gpdaliposki.com|gpdaliposki.eu|gpdaliposki.si,Y,N,N,,LIKELY_NO_OFFICIAL_WEBSITE,NOT_STATED,NO_FALSE_NEGATIVE_SUPPORTED,NO_AI_BY_DEFAULT,assert_3cd0d738a0a2323e1b4d28a4c759e76d9697559aac6aa538eb38fed651e66227,src_75cc2f84e2ce7716e0a6afb2f27b5a655a2503577eb11918ca52f83b83c86f41
23,18843,SOLNIK d.o.o.,20991835,6473717,"Pod lipami 10, 1218 Komenda",NO_MEANINGFUL_IDENTITY_SUPPORT,3,3,,solnik.com,6,NO_LEADER,0,,nisem našel www,LIKELY_NO_OFFICIAL_WEBSITE,MEDIUM,,solnik.com|solnik.eu|solnik.si,Y,N,N,,LIKELY_NO_OFFICIAL_WEBSITE,NOT_STATED,NO_FALSE_NEGATIVE_SUPPORTED,NO_AI_BY_DEFAULT,assert_92aba1aabfd68eb2ee731558bd0be5f7138911280149168e5b91157126fd10f2,src_75cc2f84e2ce7716e0a6afb2f27b5a655a2503577eb11918ca52f83b83c86f41
24,15880,PRIHAJAM d.o.o.,93607806,6997767,"Komenskega ulica 2, 2000 Maribor",NO_MEANINGFUL_IDENTITY_SUPPORT,3,3,,prihajam.com,6,NO_LEADER,0,https://prihajam.si,težko najti,CONFIRMED_OFFICIAL_WEBSITE,HIGH,prihajam.si,prihajam.com|prihajam.eu|prihajam.si,Y,N,Y,prihajam.si,CORRECT_DOMAIN_PRESENT_BUT_NOT_SELECTED,DIFFICULT_TO_FIND,CANDIDATE_RANKING_OR_ATTRIBUTION,NO_AI_DETERMINISTIC_EVIDENCE_SUFFICIENT,assert_0a3b0572407fb8b117f68e4264580527a14a30ddb1d9a629c0d8314e0f3890ff,src_75cc2f84e2ce7716e0a6afb2f27b5a655a2503577eb11918ca52f83b83c86f41
25,3845,Outbrain d.o.o.,96596341,2297795,"Dunajska cesta 5, 1000 Ljubljana",NO_MEANINGFUL_IDENTITY_SUPPORT,3,3,,outbrain.com,6,NO_LEADER,0,,"poznam firmo, vmes so naredili rebranding, so del korporacije Teads, teads.com; nisem mogel tega najti",COMPLEX_RELATIONSHIP,MEDIUM,,outbrain.com|outbrain.eu|outbrain.si,Y,N,N,,COMPLEX_BRAND_OR_GROUP_RELATIONSHIP,NOT_STATED,ENTITY_RELATIONSHIP_NOT_MODELED,ELIGIBLE_RELATIONSHIP_DISAMBIGUATION,assert_2a597694f953ec3c4773c50ddcc70f8abd4386d70701220997ae09208469ccd9,src_75cc2f84e2ce7716e0a6afb2f27b5a655a2503577eb11918ca52f83b83c86f41
26,15219,"PRO ACTIV, d.o.o., Ljubljana",47632330,5767644,"Bizoviška cesta 55, 1261 Ljubljana - Dobrunje",NO_MEANINGFUL_IDENTITY_SUPPORT,3,3,,proactiv.com,6,NO_LEADER,0,https://pro-activ.si,lahko najti; spletna stran se je dlje časa nalagala,CONFIRMED_OFFICIAL_WEBSITE,HIGH,pro-activ.si,proactiv.com|proactiv.eu|proactiv.si,Y,N,N,,OFFICIAL_EXISTS_BUT_SEARCH_MISSED,EASY_TO_FIND,SEARCH_RECALL_OR_EXTRACTION_GAP,NEW_SEARCH_BEFORE_AI,assert_600b1a6c720cf4c1d3a3ee7f98f2eb88ead970f7c4056a2c1b433d7c57382272,src_75cc2f84e2ce7716e0a6afb2f27b5a655a2503577eb11918ca52f83b83c86f41
27,13803,"ENERKO BIRO, d.o.o.",41498739,3360482,"Partizanska cesta 5, 2000 Maribor",NO_MEANINGFUL_IDENTITY_SUPPORT,3,3,,enerkobiro.com,6,NO_LEADER,0,https://www.enerko.si/kontakt.html,lahko najti,CONFIRMED_OFFICIAL_WEBSITE,HIGH,enerko.si,enerkobiro.com|enerkobiro.eu|enerkobiro.si,Y,N,N,,OFFICIAL_EXISTS_BUT_SEARCH_MISSED,EASY_TO_FIND,SEARCH_RECALL_OR_EXTRACTION_GAP,NEW_SEARCH_BEFORE_AI,assert_b6e20b05e65d5acfb698d1557945d489c18b0556ce0a4241ee9206d5628ab4fc,src_75cc2f84e2ce7716e0a6afb2f27b5a655a2503577eb11918ca52f83b83c86f41
28,16991,KIK-IN d.o.o.,59480572,3352056,"Vogrsko 146, 5293 Volčja Draga",NO_MEANINGFUL_IDENTITY_SUPPORT,3,3,,kikin.com,6,NO_LEADER,0,https://kik-gradnje.com,lahko najti,CONFIRMED_OFFICIAL_WEBSITE,HIGH,kik-gradnje.com,kikin.com|kikin.eu|kikin.si,Y,N,N,,OFFICIAL_EXISTS_BUT_SEARCH_MISSED,EASY_TO_FIND,SEARCH_RECALL_OR_EXTRACTION_GAP,NEW_SEARCH_BEFORE_AI,assert_fe8faa414725f0738dc3be15d1b6d2fefc9c3a5faff2f928bd9af8c95199cc5e,src_75cc2f84e2ce7716e0a6afb2f27b5a655a2503577eb11918ca52f83b83c86f41
29,9322,DELTA TRANSPORTNI SISTEM – DTS d...,72522402,8987653,"Zgornji Brnik 130H, 4210 Brnik - Aerodrom",NO_MEANINGFUL_IDENTITY_SUPPORT,3,3,,deltatransportnisistemdtsd.com,6,NO_LEADER,0,,slovenske strani ni - samo srbska (dts.rs),WRONG_ENTITY_OR_CROSS_COUNTRY,MEDIUM,,deltatransportnisistemdtsd.com|deltatransportnisistemdtsd.eu|deltatransportnisistemdtsd.si,Y,N,N,,WRONG_ENTITY_OR_CROSS_COUNTRY,NOT_STATED,ENTITY_OR_COUNTRY_COLLISION,ELIGIBLE_ENTITY_DISAMBIGUATION,assert_c71f4667fcb0f1027a749ad0d8338851e0c134ec7c1994248d22e881a3bc166d,src_75cc2f84e2ce7716e0a6afb2f27b5a655a2503577eb11918ca52f83b83c86f41
30,6437,KENOR d.o.o. Kočevje,50493574,5695759,"Trata XIV 8A, 1330 Kočevje",NO_MEANINGFUL_IDENTITY_SUPPORT,3,3,,kenor.com,6,NO_LEADER,0,,nisem našel www,LIKELY_NO_OFFICIAL_WEBSITE,MEDIUM,,kenor.com|kenor.eu|kenor.si,Y,N,N,,LIKELY_NO_OFFICIAL_WEBSITE,NOT_STATED,NO_FALSE_NEGATIVE_SUPPORTED,NO_AI_BY_DEFAULT,assert_63fe2e6870180897a32a41d84ffe5b21c6430186b17b9b82cd5145a124135cad,src_75cc2f84e2ce7716e0a6afb2f27b5a655a2503577eb11918ca52f83b83c86f41
31,13008,K.F.G Prenova d.o.o.,24717436,6341519,"Mestni Vrh 22, 2250 Ptuj",THIRD_PARTY_NOISE_DOMINATES,3,3,,kfgprenova.com,6,NO_LEADER,0,,nisem našel www,LIKELY_NO_OFFICIAL_WEBSITE,MEDIUM,,kfgprenova.com|kfgprenova.eu|kfgprenova.si|pirs.si|bizi.si|companywall.si,Y,N,N,,LIKELY_NO_OFFICIAL_WEBSITE,NOT_STATED,NO_FALSE_NEGATIVE_SUPPORTED,NO_AI_BY_DEFAULT,assert_f94f45f4c6ba4333b75dfa4627116d5423326a9778cb1fa280cb39a9321ea4cf,src_75cc2f84e2ce7716e0a6afb2f27b5a655a2503577eb11918ca52f83b83c86f41
32,12933,VDA d.o.o.,86080547,6392164,"Gosposka ulica 4, 3000 Celje",THIRD_PARTY_NOISE_DOMINATES,4,4,,vpd-vajda.si,13,NO_LEADER,7,vda.si,lahko najti,CONFIRMED_OFFICIAL_WEBSITE,HIGH,vda.si,vpd-vajda.si|vda.com|vda.eu|vda.si|bizi.si|ebonitete.si,Y,N,Y,vda.si,CORRECT_DOMAIN_PRESENT_BUT_NOT_SELECTED,EASY_TO_FIND,CANDIDATE_RANKING_OR_ATTRIBUTION,NO_AI_DETERMINISTIC_EVIDENCE_SUFFICIENT,assert_e546202c080b563c3367cb354c6d6be65ceac64b79b7b6ef98dd0897c8398798,src_75cc2f84e2ce7716e0a6afb2f27b5a655a2503577eb11918ca52f83b83c86f41
33,11609,"GASSLO, d.o.o.",50429680,8537062,"Bleiweisova cesta 30, 1000 Ljubljana",THIRD_PARTY_NOISE_DOMINATES,3,3,,gasslo.com,6,NO_LEADER,0,,nisem našel www,LIKELY_NO_OFFICIAL_WEBSITE,MEDIUM,,gasslo.com|dnb.com|gasslo.eu|gasslo.si|bizi.si|imenik-podjetij.com,Y,N,N,,LIKELY_NO_OFFICIAL_WEBSITE,NOT_STATED,NO_FALSE_NEGATIVE_SUPPORTED,NO_AI_BY_DEFAULT,assert_49ba92ad8f837f762259e3f0ff1ae86d943816b1486b9add0dd6c8dfcfd31f92,src_75cc2f84e2ce7716e0a6afb2f27b5a655a2503577eb11918ca52f83b83c86f41
34,13836,"TIKA VRTNI CENTER, d.o.o.",51434504,6835899,"Stari trg 31, 8210 Trebnje",THIRD_PARTY_NOISE_DOMINATES,3,3,,tikavrtnicenter.com,6,NO_LEADER,0,,nisem našel www,LIKELY_NO_OFFICIAL_WEBSITE,MEDIUM,,tikavrtnicenter.com|tikavrtnicenter.eu|tikavrtnicenter.si|bizi.si|local.infobel.si|itis.si,Y,N,N,,LIKELY_NO_OFFICIAL_WEBSITE,NOT_STATED,NO_FALSE_NEGATIVE_SUPPORTED,NO_AI_BY_DEFAULT,assert_11ca6531804f82a0e262e730d6fe523832c446a4eefe6690fe64138aec6c8325,src_75cc2f84e2ce7716e0a6afb2f27b5a655a2503577eb11918ca52f83b83c86f41
35,15969,I-Montage d.o.o.,86748505,3992098,"Cerklje ob Krki 1, 8263 Cerklje ob Krki",THIRD_PARTY_NOISE_DOMINATES,3,3,,imontage.com,6,NO_LEADER,0,,nisem našel www,LIKELY_NO_OFFICIAL_WEBSITE,MEDIUM,,imontage.com|ajpes.si|imontage.eu|imontage.si|bizi.si|ebonitete.si,Y,N,N,,LIKELY_NO_OFFICIAL_WEBSITE,NOT_STATED,NO_FALSE_NEGATIVE_SUPPORTED,NO_AI_BY_DEFAULT,assert_6e0839571c41e1797f9d3f74d8ebcb289dcf28aa3c3f548cb2dd22a662eb08a7,src_75cc2f84e2ce7716e0a6afb2f27b5a655a2503577eb11918ca52f83b83c86f41
36,15619,GOGI AVTO d.o.o.,43583342,8172684,"Letališka cesta 16, 1000 Ljubljana",THIRD_PARTY_NOISE_DOMINATES,7,6,,microsoft.com,27,NO_LEADER,12,,nisem našel www,LIKELY_NO_OFFICIAL_WEBSITE,MEDIUM,,microsoft.com|teams.microsoft.com|apps.apple.com|teams.live.com|gogiavto.com|gogiavto.eu,N,N,N,,LIKELY_NO_OFFICIAL_WEBSITE,NOT_STATED,NO_FALSE_NEGATIVE_SUPPORTED,NO_AI_BY_DEFAULT,assert_50633dcb186557e4c70cd88f06cdeb407c69480e28bd456f0b12ddec402ab354,src_75cc2f84e2ce7716e0a6afb2f27b5a655a2503577eb11918ca52f83b83c86f41
37,10358,DAH GROUP d.o.o.,27168123,9441778,"Ulica heroja Šaranoviča 27, 2000 Maribor",THIRD_PARTY_NOISE_DOMINATES,4,4,,dahgroupdoo.com,16,NO_LEADER,10,https://dahgroupdoo.com,težko najti,CONFIRMED_OFFICIAL_WEBSITE,HIGH,dahgroupdoo.com,dahgroupdoo.com|dahgroup.com|dahgroup.eu|dahgroup.si|bizi.si|companywall.si,Y,Y,Y,dahgroupdoo.com,CORRECT_DOMAIN_ALREADY_IN_STORED_EVIDENCE,DIFFICULT_TO_FIND,AUTHORIZATION_THRESHOLD_TOO_STRICT,NO_AI_DETERMINISTIC_EVIDENCE_SUFFICIENT,assert_c8a28c10b7de387c86ac2015e278ae0b00289890d7ee0d332fc3200cb58133de,src_75cc2f84e2ce7716e0a6afb2f27b5a655a2503577eb11918ca52f83b83c86f41
38,2241,MIMONT GRADNJE d.o.o.,69428379,8959820,"Špindlerjeva ulica 2, 2310 Slovenska Bistrica",THIRD_PARTY_NOISE_DOMINATES,3,3,,mimontgradnje.com,6,NO_LEADER,0,,nisem našel www,LIKELY_NO_OFFICIAL_WEBSITE,MEDIUM,,mimontgradnje.com|mimontgradnje.eu|mimontgradnje.si|bizi.si|najdi.si|zemljevid.najdi.si,Y,N,N,,LIKELY_NO_OFFICIAL_WEBSITE,NOT_STATED,NO_FALSE_NEGATIVE_SUPPORTED,NO_AI_BY_DEFAULT,assert_f91860e6e1b3c0b08ce497d28336d344ee057c7f6692732b381b227707a4e85a,src_75cc2f84e2ce7716e0a6afb2f27b5a655a2503577eb11918ca52f83b83c86f41
39,18128,Maltim d.o.o.,75039273,8789673,"Zgornji Brnik 390, 4210 Brnik - Aerodrom",THIRD_PARTY_NOISE_DOMINATES,3,3,,maltim.com,6,NO_LEADER,0,,nisem našel www,LIKELY_NO_OFFICIAL_WEBSITE,MEDIUM,,maltim.com|ajpes.si|maltim.eu|maltim.si|bizi.si|infobel.com,Y,N,N,,LIKELY_NO_OFFICIAL_WEBSITE,NOT_STATED,NO_FALSE_NEGATIVE_SUPPORTED,NO_AI_BY_DEFAULT,assert_c6cc2d071b873bb274bb1f53c8cb8db38c556fec70b5c69d2a81ed1eeb5e69e8,src_75cc2f84e2ce7716e0a6afb2f27b5a655a2503577eb11918ca52f83b83c86f41
40,16864,"FIRST, Škofja Loka, d.o.o.",75554488,5307856,"Kapucinski trg 8, 4220 Škofja Loka",THIRD_PARTY_NOISE_DOMINATES,3,3,,firstskofjaloka.com,6,NO_LEADER,0,,nisem našel www,LIKELY_NO_OFFICIAL_WEBSITE,MEDIUM,,firstskofjaloka.com|ajpes.si|firstskofjaloka.eu|firstskofjaloka.si|bizi.si|companywall.si,Y,N,N,,LIKELY_NO_OFFICIAL_WEBSITE,NOT_STATED,NO_FALSE_NEGATIVE_SUPPORTED,NO_AI_BY_DEFAULT,assert_78ed259a4648b31639f1ee260ead8a65a5b9113af9a384def30ce98ccac12933,src_75cc2f84e2ce7716e0a6afb2f27b5a655a2503577eb11918ca52f83b83c86f41
41,15177,MKK 77 d.o.o.,92742548,9175601,"Trata 47, 4220 Škofja Loka",THIRD_PARTY_NOISE_DOMINATES,4,4,,mkk77.com,16,NO_LEADER,3,,nisem našel www,LIKELY_NO_OFFICIAL_WEBSITE,MEDIUM,,mkk77.com|mik-ce.si|mkk77.eu|mkk77.si|companywall.si|bizi.si,Y,N,N,,LIKELY_NO_OFFICIAL_WEBSITE,NOT_STATED,NO_FALSE_NEGATIVE_SUPPORTED,NO_AI_BY_DEFAULT,assert_46e069ddb9a946602fb50de1238019ebfd53c957ffb10b7f1f6c6f3433e840f6,src_75cc2f84e2ce7716e0a6afb2f27b5a655a2503577eb11918ca52f83b83c86f41
42,10419,AMAT VICTORIA CURAM d.o.o.,30435307,6651399,"Vanganelska cesta 5, 6000 Koper - Capodistria",THIRD_PARTY_NOISE_DOMINATES,6,6,,globuya.com,78,NO_LEADER,19,http://amat.si/kmalu/,stran brez vsebine,CONFIRMED_OFFICIAL_WEBSITE,HIGH,amat.si,globuya.com|ajpes.si|companywall.hr|amat.si|amatvictoriacuram.com|amatvictoriacuram.eu,Y,N,Y,amat.si,CORRECT_DOMAIN_PRESENT_BUT_NOT_SELECTED,NOT_STATED,CANDIDATE_RANKING_OR_ATTRIBUTION,NO_AI_DETERMINISTIC_EVIDENCE_SUFFICIENT,assert_154ec475b016547fd460db63de14dd1bec4fea7c05cc5ec69d2c6b46b777f504,src_75cc2f84e2ce7716e0a6afb2f27b5a655a2503577eb11918ca52f83b83c86f41
43,6317,MELTRON d.o.o.,25320840,2338319,"Na produ 88, 2391 Prevalje",THIRD_PARTY_NOISE_DOMINATES,3,3,,meltron.com,6,NO_LEADER,0,,nisem našel www,LIKELY_NO_OFFICIAL_WEBSITE,MEDIUM,,meltron.com|meltron.eu|meltron.si|bizi.si|moje-podjetje.net|acompio.si,Y,N,N,,LIKELY_NO_OFFICIAL_WEBSITE,NOT_STATED,NO_FALSE_NEGATIVE_SUPPORTED,NO_AI_BY_DEFAULT,assert_f4624f1007cbda73b5baaed7583fe00652a18dea47b1751fb7b69e733aa0a04e,src_75cc2f84e2ce7716e0a6afb2f27b5a655a2503577eb11918ca52f83b83c86f41
44,763,FF GROUP d.o.o.,20273797,8551766,"Gačnik 44B, 2211 Pesnica pri Mariboru",THIRD_PARTY_NOISE_DOMINATES,3,3,,ffgroup.com,6,NO_LEADER,0,,naj bi bila ffgroup.si vendar nima vsebine,UNRESOLVED_INSUFFICIENT_EVIDENCE,,,ffgroup.com|ajpes.si|ffgroup.eu|ffgroup.si|bizi.si|companywall.si,Y,N,N,,HUMAN_REVIEW_UNRESOLVED,NOT_STATED,INSUFFICIENT_OR_TRUNCATED_EVIDENCE,ELIGIBLE_ONLY_IF_BUSINESS_VALUE_JUSTIFIES,assert_a264f6f8ed7a306d771efc5fa15b07fb4d03442f3a77340c3b929b579996dfeb,src_75cc2f84e2ce7716e0a6afb2f27b5a655a2503577eb11918ca52f83b83c86f41
45,10224,"SCHOOL SERVICE d.o.o., Ljubljana",32373945,5371481,"Reboljeva ulica 2, 1000 Ljubljana",THIRD_PARTY_NOISE_DOMINATES,3,3,,schoolservice.com,16,NO_LEADER,10,https://www.sbus.si/o-nas,težko najti,CONFIRMED_OFFICIAL_WEBSITE,HIGH,sbus.si,schoolservice.com|moje-podjetje.net|schoolservice.eu|schoolservice.si|bizi.si|companywall.si,Y,N,N,,OFFICIAL_EXISTS_BUT_SEARCH_MISSED,DIFFICULT_TO_FIND,SEARCH_RECALL_OR_EXTRACTION_GAP,ELIGIBLE_SEARCH_INTERPRETATION,assert_6727ee1988b751940fd123e30d81044ceb785ea3d263dfba4ae59d9d4a7325d2,src_75cc2f84e2ce7716e0a6afb2f27b5a655a2503577eb11918ca52f83b83c86f41
46,15980,"W3B, d.o.o.",94159971,6931553,"Cankarjeva cesta 3, 1000 Ljubljana",THIRD_PARTY_NOISE_DOMINATES,2,2,https://www.w3b.si/,w3b.com,6,NO_LEADER,0,https://www.w3b.si/,,CONFIRMED_OFFICIAL_WEBSITE,HIGH,w3b.si,w3b.com|w3b.si|w3b.eu|bizi.si|companywall.si|bilance.si,Y,N,Y,w3b.si,CORRECT_DOMAIN_PRESENT_BUT_NOT_SELECTED,NOT_STATED,CANDIDATE_RANKING_OR_ATTRIBUTION,NO_AI_DETERMINISTIC_EVIDENCE_SUFFICIENT,assert_72fb7e603253a1ce408707615d4aec1ca95c9cce2a986d675938424b8dce432f,src_75cc2f84e2ce7716e0a6afb2f27b5a655a2503577eb11918ca52f83b83c86f41
47,14390,HILAS d.o.o.,56320965,8723940,"Falska cesta 16, 2342 Ruše",THIRD_PARTY_NOISE_DOMINATES,4,4,,minimum.si,44,NO_LEADER,38,,nisem našel www,LIKELY_NO_OFFICIAL_WEBSITE,MEDIUM,,minimum.si|hilas.com|hilas.eu|hilas.si|bizi.si|ebonitete.si,Y,N,N,,LIKELY_NO_OFFICIAL_WEBSITE,NOT_STATED,NO_FALSE_NEGATIVE_SUPPORTED,NO_AI_BY_DEFAULT,assert_fb7db4cbdccc3c3d8d536238b4ce8a572dc8698c2bd546b1e021e1b9bfe98b49,src_75cc2f84e2ce7716e0a6afb2f27b5a655a2503577eb11918ca52f83b83c86f41
48,12250,"WANDER, d.o.o., Ljubljana",98252267,5743028,"Pot v Goričico 2, 1231 Ljubljana - Črnuče",THIRD_PARTY_NOISE_DOMINATES,3,3,,wander.com,16,NO_LEADER,0,wander.si,lahko najti,CONFIRMED_OFFICIAL_WEBSITE,HIGH,wander.si,wander.com|wander.si|wander.eu|bizi.si|acompio.si|companywall.si,Y,N,Y,wander.si,CORRECT_DOMAIN_PRESENT_BUT_NOT_SELECTED,EASY_TO_FIND,CANDIDATE_RANKING_OR_ATTRIBUTION,NO_AI_DETERMINISTIC_EVIDENCE_SUFFICIENT,assert_8f4f917726a44009ec286dc631c7d3978e8ad9d7bc116409c8ec7282aa88b98f,src_75cc2f84e2ce7716e0a6afb2f27b5a655a2503577eb11918ca52f83b83c86f41
49,13974,GRADBENIŠTVO LORENČIČ d.o.o.,62976702,3635627,"Stanetinci 40, 2236 Cerkvenjak",THIRD_PARTY_NOISE_DOMINATES,3,3,,gradbenistvolorencic.com,6,NO_LEADER,0,,"nisem našel www; podobnost z ""gradbeni servis lorenčič d.o.o."", vendar to ni ista firma",WRONG_ENTITY_OR_CROSS_COUNTRY,MEDIUM,,gradbenistvolorencic.com|moje-podjetje.net|gradbenistvolorencic.eu|gradbenistvolorencic.si|bizi.si|najdi.si,Y,N,N,,WRONG_ENTITY_OR_CROSS_COUNTRY,NOT_STATED,ENTITY_OR_COUNTRY_COLLISION,ELIGIBLE_ENTITY_DISAMBIGUATION,assert_33fbc5761f44c307e96c0e5307dd26fcb9366c84f5b86e49c7dfea2ce32d4f56,src_75cc2f84e2ce7716e0a6afb2f27b5a655a2503577eb11918ca52f83b83c86f41
50,4967,SENICA AA d.o.o.,65645740,6546820,"Dobja vas 185B, 2390 Ravne na Koroškem",THIRD_PARTY_NOISE_DOMINATES,3,3,,senicaaa.com,6,NO_LEADER,0,,nisem našel www,LIKELY_NO_OFFICIAL_WEBSITE,MEDIUM,,senicaaa.com|senicaaa.eu|senicaaa.si|bizi.si|dnb.com|local.infobel.si,Y,N,N,,LIKELY_NO_OFFICIAL_WEBSITE,NOT_STATED,NO_FALSE_NEGATIVE_SUPPORTED,NO_AI_BY_DEFAULT,assert_5670a28f19ccb092030eaaf1da069a4252ff87ed82c4b686ba747d3eba8cec54,src_75cc2f84e2ce7716e0a6afb2f27b5a655a2503577eb11918ca52f83b83c86f41
51,12139,TRANSPORT BRUNA d.o.o.,43995756,1922823,"Gorenja Brezovica 24, 8310 Šentjernej",ONE_MODERATE_LEADER,4,4,,vseposel.com,139,ONE_MODERATE_LEADER,133,,nisem našel www,LIKELY_NO_OFFICIAL_WEBSITE,MEDIUM,,vseposel.com|transportbruna.com|transportbruna.eu|transportbruna.si|bizi.si|ebonitete.si,Y,N,N,,LIKELY_NO_OFFICIAL_WEBSITE,NOT_STATED,NO_FALSE_NEGATIVE_SUPPORTED,NO_AI_BY_DEFAULT,assert_ec1c233437c2a6b0b7a087e49625cf828693fa539db9d4ff64992879727ec44d,src_75cc2f84e2ce7716e0a6afb2f27b5a655a2503577eb11918ca52f83b83c86f41
52,11612,TREN d.o.o.,85639583,5361699,"Vodovodna ulica 30B, 2000 Maribor",ONE_MODERATE_LEADER,4,4,,tren.si,190,ONE_MODERATE_LEADER,122,,nisem našel www,LIKELY_NO_OFFICIAL_WEBSITE,MEDIUM,,tren.si|tren.ba|tren.com|tren.eu|bizi.si|companywall.si,Y,N,N,,LIKELY_NO_OFFICIAL_WEBSITE,NOT_STATED,NO_FALSE_NEGATIVE_SUPPORTED,NO_AI_BY_DEFAULT,assert_77ed9fe65b9fc521ecf94c6533928871a37365ded92a56142f486affb8dbe7be,src_75cc2f84e2ce7716e0a6afb2f27b5a655a2503577eb11918ca52f83b83c86f41
53,10189,LONČAR d.o.o.,65578040,2277131,"Zalog pri Cerkljah 35, 4207 Cerklje na Gorenjskem",ONE_MODERATE_LEADER,4,4,,companywall.rs,184,ONE_MODERATE_LEADER,178,,nisem našel www,LIKELY_NO_OFFICIAL_WEBSITE,MEDIUM,,companywall.rs|moje-podjetje.net|loncar.com|loncar.eu|loncar.si|bizi.si,Y,N,N,,LIKELY_NO_OFFICIAL_WEBSITE,NOT_STATED,NO_FALSE_NEGATIVE_SUPPORTED,NO_AI_BY_DEFAULT,assert_46a26282a75b7bbc4644268bbc05fad705d0595419a07ee3975372c5fd03a663,src_75cc2f84e2ce7716e0a6afb2f27b5a655a2503577eb11918ca52f83b83c86f41
54,16717,POŽGAJ d.o.o.,32883749,9329706,"Kokrški breg 3, 4000 Kranj",ONE_MODERATE_LEADER,2,2,https://pozgaj.eu/en/pozgaj-grupa/,pozgaj.com,76,ONE_MODERATE_LEADER,70,,nisem našel www,LIKELY_NO_OFFICIAL_WEBSITE,MEDIUM,,pozgaj.com|pozgaj.eu|pozgaj.si,Y,N,N,,LIKELY_NO_OFFICIAL_WEBSITE,NOT_STATED,NO_FALSE_NEGATIVE_SUPPORTED,NO_AI_BY_DEFAULT,assert_0cca13018c54c3da2a5103772aa5511039aa339cd5315275ed743ed886c705eb,src_75cc2f84e2ce7716e0a6afb2f27b5a655a2503577eb11918ca52f83b83c86f41
55,13203,VICOM d.o.o.,89295439,5806356,"Miklavčeva ulica 7, 2000 Maribor",ONE_MODERATE_LEADER,3,3,,vicom.si,194,ONE_MODERATE_LEADER,188,https://vicom.si,"stran zahteva preverjanje človeškosti, težko najti stran",CONFIRMED_OFFICIAL_WEBSITE,HIGH,vicom.si,vicom.si|vicom.com|vicom.eu|bizi.si|companywall.si|dnb.com,Y,Y,Y,vicom.si,CORRECT_DOMAIN_ALREADY_IN_STORED_EVIDENCE,DIFFICULT_TO_FIND,AUTHORIZATION_THRESHOLD_TOO_STRICT,NO_AI_DETERMINISTIC_EVIDENCE_SUFFICIENT,assert_2c347edb717e2b244a761781c542140c012641aabbe8931fba34c575ce92508e,src_75cc2f84e2ce7716e0a6afb2f27b5a655a2503577eb11918ca52f83b83c86f41
56,2986,BSL d.o.o.,92274005,1467921,"Beethovnova ulica 14, 1000 Ljubljana",ONE_MODERATE_LEADER,6,6,,artos.si,193,ONE_MODERATE_LEADER,174,https://parkirnahisa.si,težko najti,CONFIRMED_OFFICIAL_WEBSITE,HIGH,parkirnahisa.si,artos.si|slo-companies.com|sbc.si|bsl.com|bsl.eu|bsl.si,Y,N,N,,OFFICIAL_EXISTS_BUT_SEARCH_MISSED,DIFFICULT_TO_FIND,SEARCH_RECALL_OR_EXTRACTION_GAP,ELIGIBLE_SEARCH_INTERPRETATION,assert_e0a4483b580241df7ac480141dbe2fd55e05c38661a6d9276c4a95c720ae6a85,src_75cc2f84e2ce7716e0a6afb2f27b5a655a2503577eb11918ca52f83b83c86f41
57,10162,ORFIS d.o.o.,92416390,5429552,"Ozare 23, 2380 Slovenj Gradec",ONE_MODERATE_LEADER,3,3,https://www.orfis.si/,racunovodski-servisi.org,190,ONE_MODERATE_LEADER,142,https://www.orfis.si/,,CONFIRMED_OFFICIAL_WEBSITE,HIGH,orfis.si,racunovodski-servisi.org|orfis.si|firme.ba|sveposao.com|bizi.si|companywall.si,Y,N,Y,orfis.si,CORRECT_DOMAIN_PRESENT_BUT_NOT_SELECTED,NOT_STATED,CANDIDATE_RANKING_OR_ATTRIBUTION,NO_AI_DETERMINISTIC_EVIDENCE_SUFFICIENT,assert_810ff23c028dea357f79b50f2107fe1d1d74ed5fca356073c7660305946d1848,src_75cc2f84e2ce7716e0a6afb2f27b5a655a2503577eb11918ca52f83b83c86f41
58,14174,"ENERGA, d.o.o.",57750122,1708821,"Dolenja vas 160, 3312 Prebold",ONE_MODERATE_LEADER,2,2,https://energa.hr/kontakt/,energa.si,213,ONE_MODERATE_LEADER,75,https://energasistemi.si,težko najti,CONFIRMED_OFFICIAL_WEBSITE,HIGH,energasistemi.si,energa.si|mojobrtnik.com|energa.hr|bizi.si|companywall.si|najdi.si,Y,N,N,,OFFICIAL_EXISTS_BUT_SEARCH_MISSED,DIFFICULT_TO_FIND,SEARCH_RECALL_OR_EXTRACTION_GAP,ELIGIBLE_SEARCH_INTERPRETATION,assert_b4b0bd0bd7a491301081a74ac37393142fc6e335298b376f20017740b0af0f71,src_75cc2f84e2ce7716e0a6afb2f27b5a655a2503577eb11918ca52f83b83c86f41
59,7729,M EFECT d.o.o.,62713418,5404657,"Štrekljeva ulica 24, 2000 Maribor",ONE_MODERATE_LEADER,6,6,,m-efect.si,187,ONE_MODERATE_LEADER,174,,nisem našel www,LIKELY_NO_OFFICIAL_WEBSITE,MEDIUM,,m-efect.si|pirs.si|mik-ce.si|tames.si|mefect.com|mefect.eu,Y,N,N,,LIKELY_NO_OFFICIAL_WEBSITE,NOT_STATED,NO_FALSE_NEGATIVE_SUPPORTED,NO_AI_BY_DEFAULT,assert_656825691c18a9e608f93ba72ee99db589df024e7ee245df8b1f9310efc934b0,src_75cc2f84e2ce7716e0a6afb2f27b5a655a2503577eb11918ca52f83b83c86f41
60,16887,DLJ d.o.o.,25832492,2317354,"Leskovarjeva ulica 2, 2310 Slovenska Bistrica",ONE_MODERATE_LEADER,3,3,,dlj.si,193,ONE_MODERATE_LEADER,187,,nisem našel www,LIKELY_NO_OFFICIAL_WEBSITE,MEDIUM,,dlj.si|dlj.com|dlj.eu|bizi.si|companywall.si|ajpes.si,Y,N,N,,LIKELY_NO_OFFICIAL_WEBSITE,NOT_STATED,NO_FALSE_NEGATIVE_SUPPORTED,NO_AI_BY_DEFAULT,assert_457f0d98c2ab9690bb13f6426d27e6ac8ee3caff2123bf1657d0facdfd93135d,src_75cc2f84e2ce7716e0a6afb2f27b5a655a2503577eb11918ca52f83b83c86f41
61,11599,RIZAPEKS d.o.o.,97802883,3586936,"Kidričeva ulica 4, 6000 Koper - Capodistria",ONE_MODERATE_LEADER,4,4,,verif.com,176,ONE_MODERATE_LEADER,170,,nisem našel www,LIKELY_NO_OFFICIAL_WEBSITE,MEDIUM,,verif.com|moje-podjetje.net|pirs.si|companywall.si|rizapeks.com|rizapeks.eu,Y,N,N,,LIKELY_NO_OFFICIAL_WEBSITE,NOT_STATED,NO_FALSE_NEGATIVE_SUPPORTED,NO_AI_BY_DEFAULT,assert_70bf5efd1e00d7e9876fac2b5b4beeb87aef4ee854973f8da0b5ad049a5d08c3,src_75cc2f84e2ce7716e0a6afb2f27b5a655a2503577eb11918ca52f83b83c86f41
62,11630,C.I.A.K. d.o.o.,93024231,2194180,"Celovška cesta 492, 1210 Ljubljana - Šentvid",ONE_MODERATE_LEADER,4,4,,ciak.si,193,ONE_MODERATE_LEADER,180,,"ciak.si obstaja ampak je brez vsebine. Ciak-avto.si obstaja ampak je povezan s firmo ""c.i.a.k. Avto d.o.o."" kar ni prava, je pa zelo podobna. Komplicirani.",COMPLEX_RELATIONSHIP,MEDIUM,,ciak.si|emis.com|ciak.com|ciak.eu|companywall.si|bizi.si,Y,N,N,,COMPLEX_BRAND_OR_GROUP_RELATIONSHIP,NOT_STATED,ENTITY_RELATIONSHIP_NOT_MODELED,ELIGIBLE_RELATIONSHIP_DISAMBIGUATION,assert_f0494252b7e6bd687c1b225bf00bdb85093e7589f791eab2e65bcc47a4b6621e,src_75cc2f84e2ce7716e0a6afb2f27b5a655a2503577eb11918ca52f83b83c86f41
63,10158,BAIMS d.o.o.,62117505,5549396,"Sela 5, 8351 Straža pri Novem mestu",ONE_MODERATE_LEADER,6,6,,pohistvo-baims.si,190,ONE_MODERATE_LEADER,48,https://notranje-pohistvo.com/ IN http://pohistvo-baims.si,"dve spletni strani, ista firma, nenavadno in konfuzno.",COMPLEX_RELATIONSHIP,MEDIUM,notranje-pohistvo.com|pohistvo-baims.si,pohistvo-baims.si|vseposel.com|notranje-pohistvo.com|baims.com|baims.eu|baims.si,Y,Y,Y,notranje-pohistvo.com|pohistvo-baims.si,COMPLEX_BRAND_OR_GROUP_RELATIONSHIP,NOT_STATED,ENTITY_RELATIONSHIP_NOT_MODELED,ELIGIBLE_RELATIONSHIP_DISAMBIGUATION,assert_9f6d5f19502301428eb256749059a8aed4fdf0b7d16ca74f86bd812f4172a4dd,src_75cc2f84e2ce7716e0a6afb2f27b5a655a2503577eb11918ca52f83b83c86f41
64,7272,AC GLAVAN d.o.o.,56158068,2187612,"Gaji 45, 3000 Celje",ONE_MODERATE_LEADER,5,4,,ac-glavan.si,224,ONE_MODERATE_LEADER,57,ac-glavan.si,,CONFIRMED_OFFICIAL_WEBSITE,HIGH,ac-glavan.si,ac-glavan.si|free.ac-glavan.si|acglavan.com|acglavan.eu|acglavan.si|moje-podjetje.net,Y,Y,Y,ac-glavan.si,CORRECT_DOMAIN_ALREADY_IN_STORED_EVIDENCE,NOT_STATED,AUTHORIZATION_THRESHOLD_TOO_STRICT,NO_AI_DETERMINISTIC_EVIDENCE_SUFFICIENT,assert_94af7535e817e93c362e27cbca2a1ae41448f1c7a5ee5bec3e2dacd1e9f93972,src_75cc2f84e2ce7716e0a6afb2f27b5a655a2503577eb11918ca52f83b83c86f41
65,7586,ELEKTROMARKET d.o.o.,15718913,5362067,"Podlubnik 124, 4220 Škofja Loka",ONE_MODERATE_LEADER,4,4,,minimum.si,141,ONE_MODERATE_LEADER,135,,nisem našel www; minimum.si so izdelovalci spletnih strani,LIKELY_NO_OFFICIAL_WEBSITE,MEDIUM,,minimum.si|pirs.si|elektromarket.com|elektromarket.eu|elektromarket.si|bizi.si,Y,N,N,,LIKELY_NO_OFFICIAL_WEBSITE,NOT_STATED,NO_FALSE_NEGATIVE_SUPPORTED,NO_AI_BY_DEFAULT,assert_50914623bd65ad772844aec1deec5ae446e91130a56f01fccc0931fedd02e63b,src_75cc2f84e2ce7716e0a6afb2f27b5a655a2503577eb11918ca52f83b83c86f41
66,7566,Garnet - Invest d.o.o.,45167354,8520453,"Pod lipami 10, 1218 Komenda",ONE_MODERATE_LEADER,4,4,,studiofaca.com,143,ONE_MODERATE_LEADER,137,,nisem našel www,LIKELY_NO_OFFICIAL_WEBSITE,MEDIUM,,studiofaca.com|garnetinvest.com|garnetinvest.eu|garnetinvest.si|bizi.si|companywall.si,Y,N,N,,LIKELY_NO_OFFICIAL_WEBSITE,NOT_STATED,NO_FALSE_NEGATIVE_SUPPORTED,NO_AI_BY_DEFAULT,assert_90386383612479b1bb090bf359166b5b1743fd3b6f9734a20e771458988d8c45,src_75cc2f84e2ce7716e0a6afb2f27b5a655a2503577eb11918ca52f83b83c86f41
67,11873,VRTNARSTVO ROGAŠKA d.o.o.,60751282,5382211,"Cerovec pod Bočem 22A, 3250 Rogaška Slatina",ONE_MODERATE_LEADER,5,5,,vrtnicenter-rogaska.si,193,ONE_MODERATE_LEADER,47,vrtnicenter-rogaska.si,težko najti,CONFIRMED_OFFICIAL_WEBSITE,HIGH,vrtnicenter-rogaska.si,vrtnicenter-rogaska.si|vrtnicenter.godigi.si|vrtnarstvorogaska.com|vrtnarstvorogaska.eu|vrtnarstvorogaska.si|bizi.si,Y,Y,Y,vrtnicenter-rogaska.si,CORRECT_DOMAIN_ALREADY_IN_STORED_EVIDENCE,DIFFICULT_TO_FIND,AUTHORIZATION_THRESHOLD_TOO_STRICT,NO_AI_DETERMINISTIC_EVIDENCE_SUFFICIENT,assert_06b1d30030ddff801f46f73fa5c24dd36af69ea1f7bf85d86dda363e808334d5,src_75cc2f84e2ce7716e0a6afb2f27b5a655a2503577eb11918ca52f83b83c86f41
68,16060,A3N CONSTRUCT d.o.o.,47841320,8792607,"Vrbovec 20, 1000 Ljubljana",ONE_MODERATE_LEADER,5,5,,info-clipper.com,94,ONE_MODERATE_LEADER,73,,nisem našel www,LIKELY_NO_OFFICIAL_WEBSITE,MEDIUM,,info-clipper.com|obsproject.com|a3nconstruct.com|a3nconstruct.eu|a3nconstruct.si|bizi.si,Y,N,N,,LIKELY_NO_OFFICIAL_WEBSITE,NOT_STATED,NO_FALSE_NEGATIVE_SUPPORTED,NO_AI_BY_DEFAULT,assert_c47aeec1d4b34081c44e72e04612367f0db50b8754d9da814743bdd5e2bb5173,src_75cc2f84e2ce7716e0a6afb2f27b5a655a2503577eb11918ca52f83b83c86f41
69,8462,ARK ARHITEKTURA KRUŠEC d.o.o.,67971946,1806980,"Vrtača 11, 1000 Ljubljana",ONE_MODERATE_LEADER,5,5,,arhitekturakrusec.si,206,ONE_MODERATE_LEADER,193,http://www.arhitekturakrusec.si,lahko najti,CONFIRMED_OFFICIAL_WEBSITE,HIGH,arhitekturakrusec.si,arhitekturakrusec.si|culture.gov.si|arkarhitekturakrusec.com|arkarhitekturakrusec.eu|arkarhitekturakrusec.si|bizi.si,Y,Y,Y,arhitekturakrusec.si,CORRECT_DOMAIN_ALREADY_IN_STORED_EVIDENCE,EASY_TO_FIND,AUTHORIZATION_THRESHOLD_TOO_STRICT,NO_AI_DETERMINISTIC_EVIDENCE_SUFFICIENT,assert_7340df96b52d39e26c06878d9a067a939ad03f77a84e2931ee73d1478178e989,src_75cc2f84e2ce7716e0a6afb2f27b5a655a2503577eb11918ca52f83b83c86f41
70,8494,YUZER d.o.o.,98868837,2312344,"Jakšičeva ulica 1, 1000 Ljubljana",ONE_MODERATE_LEADER,4,4,,ly-holding.com,187,ONE_MODERATE_LEADER,181,,"nisem našel www;ly-holding.com je pravilno najdena stran iz email naslova ampak se gre za neko avstrijsko stran, morda principal",COMPLEX_RELATIONSHIP,MEDIUM,,ly-holding.com|yuzer.com|yuzer.eu|yuzer.si|bizi.si|companywall.si,Y,N,N,,COMPLEX_BRAND_OR_GROUP_RELATIONSHIP,NOT_STATED,ENTITY_RELATIONSHIP_NOT_MODELED,ELIGIBLE_RELATIONSHIP_DISAMBIGUATION,assert_34e62841062b7eb7a19dd28ca3218b426209e1ace011708d69fec30a84a8e675,src_75cc2f84e2ce7716e0a6afb2f27b5a655a2503577eb11918ca52f83b83c86f41
71,12712,FISTOF d.o.o.,43598099,6770711,"Troblje 59, 2380 Slovenj Gradec",ONE_CLEAR_EVIDENCE_LEADER,8,8,,studiofaca.com,383,ONE_CLEAR_EVIDENCE_LEADER,119,,nisem našel www,LIKELY_NO_OFFICIAL_WEBSITE,MEDIUM,,studiofaca.com|xn--mojaobina-qfb.si|mojobrtnik.com|mojaobcina.si|osem.si|tames.si,N,N,N,,LIKELY_NO_OFFICIAL_WEBSITE,NOT_STATED,NO_FALSE_NEGATIVE_SUPPORTED,NO_AI_BY_DEFAULT,assert_d385118a2daa08adf4f28aafd13a348456e3cafa954c1927d93ec3dc2d9c6680,src_75cc2f84e2ce7716e0a6afb2f27b5a655a2503577eb11918ca52f83b83c86f41
72,18382,HA - 5 d.o.o.,31003214,1993658,"Delakova ulica 24, 1000 Ljubljana",ONE_CLEAR_EVIDENCE_LEADER,4,4,,xn--mojaobina-qfb.si,263,ONE_CLEAR_EVIDENCE_LEADER,257,,nisem našel www,LIKELY_NO_OFFICIAL_WEBSITE,MEDIUM,,xn--mojaobina-qfb.si|pirs.si|mojaobcina.si|ha5.com|ha5.eu|ha5.si,Y,N,N,,LIKELY_NO_OFFICIAL_WEBSITE,NOT_STATED,NO_FALSE_NEGATIVE_SUPPORTED,NO_AI_BY_DEFAULT,assert_ded8f002d2ed138aa6c8c241fafbf88ffea2c720b5f43421b81e3bfc7cb52697,src_75cc2f84e2ce7716e0a6afb2f27b5a655a2503577eb11918ca52f83b83c86f41
73,9787,S in M d.o.o.,26197448,3487164,"Kolodvorska cesta 5, 1230 Domžale",ONE_CLEAR_EVIDENCE_LEADER,6,6,,labys.si,331,ONE_CLEAR_EVIDENCE_LEADER,65,labys.si,težko najti,CONFIRMED_OFFICIAL_WEBSITE,HIGH,labys.si,labys.si|xn--mojaobina-qfb.si|slo-companies.com|mojaobcina.si|sinm.com|sinm.eu,Y,Y,Y,labys.si,CORRECT_DOMAIN_ALREADY_IN_STORED_EVIDENCE,DIFFICULT_TO_FIND,AUTHORIZATION_THRESHOLD_TOO_STRICT,NO_AI_DETERMINISTIC_EVIDENCE_SUFFICIENT,assert_dd850620fe4163f0769ea47006d13b482fb27dc28afdf02748f61815b0581581,src_75cc2f84e2ce7716e0a6afb2f27b5a655a2503577eb11918ca52f83b83c86f41
74,13545,MaksaTrans d.o.o.,46395091,6806562,"Srgaši 41, 6274 Šmarje",ONE_CLEAR_EVIDENCE_LEADER,4,4,,studiofaca.com,413,ONE_CLEAR_EVIDENCE_LEADER,397,,nisem našel www,LIKELY_NO_OFFICIAL_WEBSITE,MEDIUM,,studiofaca.com|maksatrans.com|maksatrans.eu|maksatrans.si|pirs.si|companywall.si,Y,N,N,,LIKELY_NO_OFFICIAL_WEBSITE,NOT_STATED,NO_FALSE_NEGATIVE_SUPPORTED,NO_AI_BY_DEFAULT,assert_8187930ea44fbd2b3c96ec53fcc11bc9024e05eec7455e48dd0ee72da1f69232,src_75cc2f84e2ce7716e0a6afb2f27b5a655a2503577eb11918ca52f83b83c86f41
75,10860,Svarm d.o.o.,88726991,2371383,"Tesovnikova ulica 52, 1000 Ljubljana",ONE_CLEAR_EVIDENCE_LEADER,6,6,,xn--mojaobina-qfb.si,383,ONE_CLEAR_EVIDENCE_LEADER,196,https://www.svarmsys.com/,težko najti,CONFIRMED_OFFICIAL_WEBSITE,HIGH,svarmsys.com,xn--mojaobina-qfb.si|svarmsys.com|mojaobcina.si|svarmsys.comve|svarm.com|svarm.eu,Y,N,Y,svarmsys.com,CORRECT_DOMAIN_PRESENT_BUT_NOT_SELECTED,DIFFICULT_TO_FIND,CANDIDATE_RANKING_OR_ATTRIBUTION,NO_AI_DETERMINISTIC_EVIDENCE_SUFFICIENT,assert_7988d3e5369eea0d6cc37345af860faa00527b882be41daeebefb413f201fbb9,src_75cc2f84e2ce7716e0a6afb2f27b5a655a2503577eb11918ca52f83b83c86f41
76,12682,ANATRANS d.o.o.,52206327,8005664,"Opekarniška cesta 15C, 3000 Celje",ONE_CLEAR_EVIDENCE_LEADER,5,5,,xn--mojaobina-qfb.si,168,ONE_CLEAR_EVIDENCE_LEADER,120,,nisem našel www,LIKELY_NO_OFFICIAL_WEBSITE,MEDIUM,,xn--mojaobina-qfb.si|studiofaca.com|anatrans.com|anatrans.eu|anatrans.si|bizi.si,Y,N,N,,LIKELY_NO_OFFICIAL_WEBSITE,NOT_STATED,NO_FALSE_NEGATIVE_SUPPORTED,NO_AI_BY_DEFAULT,assert_19ed2d4a84b3a50a269bae55e6572821ad2f1ae55e3623e62a78ee63386f28b4,src_75cc2f84e2ce7716e0a6afb2f27b5a655a2503577eb11918ca52f83b83c86f41
77,11788,MARS MUSIC d.o.o.,46207856,5997437,"Finžgarjeva ulica 8, 1000 Ljubljana",ONE_CLEAR_EVIDENCE_LEADER,4,4,,xn--mojaobina-qfb.si,263,ONE_CLEAR_EVIDENCE_LEADER,257,dallas.si,težko najti,CONFIRMED_OFFICIAL_WEBSITE,HIGH,dallas.si,xn--mojaobina-qfb.si|mojaobcina.si|marsmusic.com|marsmusic.eu|marsmusic.si|acompio.si,Y,N,N,,OFFICIAL_EXISTS_BUT_SEARCH_MISSED,DIFFICULT_TO_FIND,SEARCH_RECALL_OR_EXTRACTION_GAP,ELIGIBLE_SEARCH_INTERPRETATION,assert_b3c71b59f543af55c9c6e25c76f72ff61181dd938e4d3ab4e9d63e154d98265d,src_75cc2f84e2ce7716e0a6afb2f27b5a655a2503577eb11918ca52f83b83c86f41
78,14910,"OLAM INTERNATIONAL LIMITED, Podr...",52354288,6030483,"Zvezna ulica 2A, 1000 Ljubljana",ONE_CLEAR_EVIDENCE_LEADER,5,5,,xn--mojaobina-qfb.si,168,ONE_CLEAR_EVIDENCE_LEADER,155,,nisem našel www,LIKELY_NO_OFFICIAL_WEBSITE,MEDIUM,,xn--mojaobina-qfb.si|sloveniayp.com|olaminternationallimitedpodr.com|olaminternationallimitedpodr.eu|olaminternationallimitedpodr.si|mojaobcina.si,Y,N,N,,LIKELY_NO_OFFICIAL_WEBSITE,NOT_STATED,NO_FALSE_NEGATIVE_SUPPORTED,NO_AI_BY_DEFAULT,assert_0ba8573dacba41406cd794cb90eb60ff5bf28e5eee632b2f94fa04e99d93c14b,src_75cc2f84e2ce7716e0a6afb2f27b5a655a2503577eb11918ca52f83b83c86f41
79,8509,GRO - MEH d.o.o.,52289184,9094202,"Studeno 44, 4228 Železniki",ONE_CLEAR_EVIDENCE_LEADER,6,6,,xn--mojaobina-qfb.si,263,ONE_CLEAR_EVIDENCE_LEADER,240,,nisem našel www,LIKELY_NO_OFFICIAL_WEBSITE,MEDIUM,,xn--mojaobina-qfb.si|jkpg.si|minimum.si|mojaobcina.si|gromeh.com|gromeh.eu,Y,N,N,,LIKELY_NO_OFFICIAL_WEBSITE,NOT_STATED,NO_FALSE_NEGATIVE_SUPPORTED,NO_AI_BY_DEFAULT,assert_d32a2ec152d51ab5153c174b549314f434aca5a7e4d44bc1fafdc9b3241e6736,src_75cc2f84e2ce7716e0a6afb2f27b5a655a2503577eb11918ca52f83b83c86f41
80,11085,ELEKTRO BRATINA d.o.o.,87257033,6324762,"Gojače 80, 5262 Črniče",ONE_CLEAR_EVIDENCE_LEADER,4,4,,xn--mojaobina-qfb.si,429,ONE_CLEAR_EVIDENCE_LEADER,423,elektro-bratina.si,stran brez vsebine,CONFIRMED_OFFICIAL_WEBSITE,HIGH,elektro-bratina.si,xn--mojaobina-qfb.si|bilance.si|najdi.si|dnb.com|mojaobcina.si|elektrobratina.com,Y,N,N,,OFFICIAL_EXISTS_BUT_SEARCH_MISSED,NOT_STATED,SEARCH_RECALL_OR_EXTRACTION_GAP,NEW_SEARCH_BEFORE_AI,assert_bd8b4bd62befc3e48f8a084a97aafbe90c9141fbf8d00a0c914d4622dd2737f3,src_75cc2f84e2ce7716e0a6afb2f27b5a655a2503577eb11918ca52f83b83c86f41
81,18010,Hiša Cvet d.o.o.,38766540,9506110,"Marjekova pot 23, 1000 Ljubljana",ONE_CLEAR_EVIDENCE_LEADER,7,7,,xn--mojaobina-qfb.si,324,ONE_CLEAR_EVIDENCE_LEADER,181,prcvetu.com,praktično nemogoče najti brez ai,CONFIRMED_OFFICIAL_WEBSITE,HIGH,prcvetu.com,xn--mojaobina-qfb.si|studiofaca.com|mojaobcina.si|mjob.si|hisacvet.com|hisacvet.eu,N,N,N,,HUMAN_REVIEW_UNRESOLVED,DIFFICULT_TO_FIND,INSUFFICIENT_OR_TRUNCATED_EVIDENCE,ELIGIBLE_ONLY_IF_BUSINESS_VALUE_JUSTIFIES,assert_9f4cae35a2b1ce797c313f0de238136b74259993e252e85c01bee8a67e88491a,src_75cc2f84e2ce7716e0a6afb2f27b5a655a2503577eb11918ca52f83b83c86f41
82,18250,DS PRANER BAU d.o.o.,74975200,9597816,"Pločanska ulica 3, 1211 Ljubljana - Šmartno",ONE_CLEAR_EVIDENCE_LEADER,11,11,,erar.si,288,ONE_CLEAR_EVIDENCE_LEADER,272,,nisem našel www,LIKELY_NO_OFFICIAL_WEBSITE,MEDIUM,,erar.si|dsautomobiles.com|ceac.state.gov|dmdc.osd.mil|discord.com|dsautomobiles.ps,N,N,N,,LIKELY_NO_OFFICIAL_WEBSITE,NOT_STATED,NO_FALSE_NEGATIVE_SUPPORTED,NO_AI_BY_DEFAULT,assert_82eee85f534ddeaf5678d73ae16d7aaf6ffeb85611e92e19841c17a55737c4dc,src_75cc2f84e2ce7716e0a6afb2f27b5a655a2503577eb11918ca52f83b83c86f41
83,4592,ALPO d.o.o.,28770706,5548977,"Mislinjska Dobrava 69, 2382 Mislinja",ONE_CLEAR_EVIDENCE_LEADER,4,4,,alpo-doo.si,321,ONE_CLEAR_EVIDENCE_LEADER,315,www.alpo-doo.si,"domena dobro vidna, samo stran se pa ne odpre",CONFIRMED_OFFICIAL_WEBSITE,HIGH,alpo-doo.si,alpo-doo.si|pirs.si|companywall.si|alpo.com|alpo.eu|alpo.si,Y,Y,Y,alpo-doo.si,CORRECT_DOMAIN_ALREADY_IN_STORED_EVIDENCE,NOT_STATED,AUTHORIZATION_THRESHOLD_TOO_STRICT,NO_AI_DETERMINISTIC_EVIDENCE_SUFFICIENT,assert_8edefe1bdb9e590b175ba35ffecaedc382c00d1dee1791b5ee44080e16d0f96c,src_75cc2f84e2ce7716e0a6afb2f27b5a655a2503577eb11918ca52f83b83c86f41
84,2924,YASKAWA Europe Robotics d.o.o.,80584756,7206933,"Ulica Daigora Yasukawe 1, 1330 Kočevje",ONE_CLEAR_EVIDENCE_LEADER,6,6,,xn--mojaobina-qfb.si,264,ONE_CLEAR_EVIDENCE_LEADER,117,yaskava.si,"konfuzno ker so korporacija, mednarodna. Zelo težko najti pravi rezultat.",COMPLEX_RELATIONSHIP,MEDIUM,yaskava.si,xn--mojaobina-qfb.si|yaskawa.si|slo-companies.com|mojaobcina.si|yaskawaeuroperobotics.com|yaskawaeuroperobotics.eu,Y,N,N,,COMPLEX_BRAND_OR_GROUP_RELATIONSHIP,DIFFICULT_TO_FIND,ENTITY_RELATIONSHIP_NOT_MODELED,ELIGIBLE_RELATIONSHIP_DISAMBIGUATION,assert_d5ab303f127a3ad3e5d99d0745d1c004d30f4d394e10dd16c7edb4b1d7da14c2,src_75cc2f84e2ce7716e0a6afb2f27b5a655a2503577eb11918ca52f83b83c86f41
85,13546,"Odvetniška družba Grilc, Starc i...",62392816,6222919,"Cesta krških žrtev 135C, 8270 Krško",ONE_CLEAR_EVIDENCE_LEADER,5,5,,gsp.si,416,ONE_CLEAR_EVIDENCE_LEADER,373,https://www.gsp.si/,težje najti,CONFIRMED_OFFICIAL_WEBSITE,HIGH,gsp.si,gsp.si|companywall.si|pirs.si|gradbenistvo-si.kirklareliikincielesya.com|odvetniskadruzbagrilcstarci.com|odvetniskadruzbagrilcstarci.eu,Y,Y,Y,gsp.si,CORRECT_DOMAIN_ALREADY_IN_STORED_EVIDENCE,DIFFICULT_TO_FIND,AUTHORIZATION_THRESHOLD_TOO_STRICT,NO_AI_DETERMINISTIC_EVIDENCE_SUFFICIENT,assert_55c8d4489a999198b7a1af20a81d2b0c4e1b54cb1d6d525bf1f4b22bbcd80f31,src_75cc2f84e2ce7716e0a6afb2f27b5a655a2503577eb11918ca52f83b83c86f41
86,11101,MACDOM d.o.o.,81452713,6303323,"Sela pri Volčah 24A, 5220 Tolmin",ONE_CLEAR_EVIDENCE_LEADER,5,5,,mizarstvo-fon.si,303,ONE_CLEAR_EVIDENCE_LEADER,254,https://www.mizarstvo-fon.si/,težko najti,CONFIRMED_OFFICIAL_WEBSITE,HIGH,mizarstvo-fon.si,mizarstvo-fon.si|yoys.si|macdom.com|macdom.eu|macdom.si|bizi.si,Y,Y,Y,mizarstvo-fon.si,CORRECT_DOMAIN_ALREADY_IN_STORED_EVIDENCE,DIFFICULT_TO_FIND,AUTHORIZATION_THRESHOLD_TOO_STRICT,NO_AI_DETERMINISTIC_EVIDENCE_SUFFICIENT,assert_112b3b81f2e201221fe58e8d58b09a994bfe675a8c2cec7e32b86533181c89a4,src_75cc2f84e2ce7716e0a6afb2f27b5a655a2503577eb11918ca52f83b83c86f41
87,13434,ND transport d.o.o.,10829407,8837511,"Mariborska cesta 218, 3211 Škofja vas",ONE_CLEAR_EVIDENCE_LEADER,7,7,,poslovni-imenik.studiofaca.com,383,ONE_CLEAR_EVIDENCE_LEADER,50,,nisem našel www,LIKELY_NO_OFFICIAL_WEBSITE,MEDIUM,,poslovni-imenik.studiofaca.com|minimum.si|info023.rs|cargoagent.net|ndtransport.com|ndtransport.eu,N,N,N,,LIKELY_NO_OFFICIAL_WEBSITE,NOT_STATED,NO_FALSE_NEGATIVE_SUPPORTED,NO_AI_BY_DEFAULT,assert_7394008e815d99fbdc0fcc052cf3847a7f23ba353c5b05f7ba1be3c9dbb9fbb0,src_75cc2f84e2ce7716e0a6afb2f27b5a655a2503577eb11918ca52f83b83c86f41
88,8589,ZAYTEL d.o.o.,15093972,9546383,"Ulica XIV. divizije 8, 3000 Celje",ONE_CLEAR_EVIDENCE_LEADER,4,4,,xn--mojaobina-qfb.si,263,ONE_CLEAR_EVIDENCE_LEADER,247,https://zaytel.si,na strani težko najti dokaz da je to-to,CONFIRMED_OFFICIAL_WEBSITE,HIGH,zaytel.si,xn--mojaobina-qfb.si|zaytel.com|zaytel.si|mojaobcina.si|zaytel.eu|bizi.si,Y,N,Y,zaytel.si,CORRECT_DOMAIN_PRESENT_BUT_NOT_SELECTED,DIFFICULT_TO_FIND,CANDIDATE_RANKING_OR_ATTRIBUTION,NO_AI_DETERMINISTIC_EVIDENCE_SUFFICIENT,assert_1eb1b97dd33a68b8c6a50404bf3cb2738d22f73e12a41bd6923b79f57b5617e5,src_75cc2f84e2ce7716e0a6afb2f27b5a655a2503577eb11918ca52f83b83c86f41
89,14194,"NEVTRON & COMPANY, d.o.o., Ljubl...",68372558,5908779,"Koprska ulica 72, 1000 Ljubljana",ONE_CLEAR_EVIDENCE_LEADER,10,10,,nevtron.eu,409,ONE_CLEAR_EVIDENCE_LEADER,391,https://nevtron.eu,"tudi nevtron.si, sicer lahko najti",CONFIRMED_OFFICIAL_WEBSITE,HIGH,nevtron.eu,nevtron.eu|companywall.si|pirs.si|lpp.si|energetika.si|tames.si,N,Y,Y,nevtron.eu,CORRECT_DOMAIN_ALREADY_IN_STORED_EVIDENCE,EASY_TO_FIND,AUTHORIZATION_THRESHOLD_TOO_STRICT,NO_AI_DETERMINISTIC_EVIDENCE_SUFFICIENT,assert_e86c3922eafd672d20b1db995463b1260a539dfb1e1df6cedd79fc8ed31b577e,src_75cc2f84e2ce7716e0a6afb2f27b5a655a2503577eb11918ca52f83b83c86f41
90,5248,MKE d.o.o. Domžale,24920525,5602386,"Mačkovci 27, 1230 Domžale",ONE_CLEAR_EVIDENCE_LEADER,2,2,https://www.metalindustry.info/podjetje/mke-d-o-o-domale/,mke.si,273,ONE_CLEAR_EVIDENCE_LEADER,215,mke.si,,CONFIRMED_OFFICIAL_WEBSITE,HIGH,mke.si,mke.si|metalindustry.info|ograje-nadstreski.eu|bizi.si|companywall.si|itis.si,Y,Y,Y,mke.si,CORRECT_DOMAIN_ALREADY_IN_STORED_EVIDENCE,NOT_STATED,AUTHORIZATION_THRESHOLD_TOO_STRICT,NO_AI_DETERMINISTIC_EVIDENCE_SUFFICIENT,assert_1230fc9ac58e6f7a8020cb9e9a1d1b5709ae46349ebee17b3e5b4c4e0582d218,src_75cc2f84e2ce7716e0a6afb2f27b5a655a2503577eb11918ca52f83b83c86f41
91,5336,BURGER TRANSPORT d.o.o.,14913747,8816913,"Puchova ulica 5, 1235 Radomlje",MANY_LOW_SIGNAL_CANDIDATES,5,5,,si.balkandrive.com,81,NO_LEADER,19,burgerdoo.si,"več domen povezanih s to firmo, konfuzno",COMPLEX_RELATIONSHIP,MEDIUM,burgerdoo.si,si.balkandrive.com|burger-skupina.si|burgertransport.com|burgertransport.eu|burgertransport.si|bizi.si,Y,N,N,,COMPLEX_BRAND_OR_GROUP_RELATIONSHIP,NOT_STATED,ENTITY_RELATIONSHIP_NOT_MODELED,ELIGIBLE_RELATIONSHIP_DISAMBIGUATION,assert_8aab6a26f98a5b3166290acb57a2a4bfa47b12430818fbe50a2aca0d862f6188,src_75cc2f84e2ce7716e0a6afb2f27b5a655a2503577eb11918ca52f83b83c86f41
92,14996,VERENstan d.o.o.,52027627,8418047,"Ljubljanska cesta 60A, 3000 Celje",CROSS_COUNTRY_COLLISION,7,7,,verenstan.ba,187,NO_LEADER,19,https://www.verenstan.ba,"konfuzno, bosanska stran",WRONG_ENTITY_OR_CROSS_COUNTRY,MEDIUM,verenstan.ba,verenstan.ba|xn--mojaobina-qfb.si|ajpes.si|daibau.ba|studiofaca.com|verenstan.com,N,Y,Y,verenstan.ba,WRONG_ENTITY_OR_CROSS_COUNTRY,NOT_STATED,ENTITY_OR_COUNTRY_COLLISION,ELIGIBLE_ENTITY_DISAMBIGUATION,assert_fd97298046aa376907499034d899abfb8a85365f389fff2551b8ab696d79bdfa,src_75cc2f84e2ce7716e0a6afb2f27b5a655a2503577eb11918ca52f83b83c86f41
93,14183,ZOBOZDRAVSTVO KRIŽNAR d.o.o.,24452912,8741565,"Gosposvetska ulica 10A, 4000 Kranj",TWO_CLOSE_CANDIDATES,2,2,https://zobozdravnik-kriznar.si/kontakt/,zdravniki-zobozdravniki.net,85,NO_LEADER,34,https://zobozdravnik-kriznar.si,,CONFIRMED_OFFICIAL_WEBSITE,HIGH,zobozdravnik-kriznar.si,zdravniki-zobozdravniki.net|zobozdravnik-kriznar.si|vsizdravniki.si|companywall.si|bizi.si,Y,N,Y,zobozdravnik-kriznar.si,CORRECT_DOMAIN_PRESENT_BUT_NOT_SELECTED,NOT_STATED,CANDIDATE_RANKING_OR_ATTRIBUTION,NO_AI_DETERMINISTIC_EVIDENCE_SUFFICIENT,assert_452fbb86ac990bcfd7a526b52a6aeed7fb3c8e73869277710eefb49b3c4e9b36,src_75cc2f84e2ce7716e0a6afb2f27b5a655a2503577eb11918ca52f83b83c86f41
94,16303,SUPER STRELA d.o.o.,68692331,7004265,"Cesta krških žrtev 46, 8270 Krško",SAME_DOMAIN_VARIANTS,3,1,https://www.bolha.com/trgovina/super-strela-doo/,superstrela.com,524,NO_LEADER,366,superstrela.com,"bolha je spletna tržnica, kjer pa imajo trgovine lahko svojo predstavitev",COMPLEX_RELATIONSHIP,MEDIUM,superstrela.com,superstrela.com|bolha.com|pametnidom.superstrela.com|vrtinkampiranje.superstrela.com|bizi.si|companywall.si,Y,Y,Y,superstrela.com,COMPLEX_BRAND_OR_GROUP_RELATIONSHIP,NOT_STATED,ENTITY_RELATIONSHIP_NOT_MODELED,ELIGIBLE_RELATIONSHIP_DISAMBIGUATION,assert_324aa2e8d553a850ffe9cee106c6850c151d7160c19516dba484614e0aabe9fc,src_75cc2f84e2ce7716e0a6afb2f27b5a655a2503577eb11918ca52f83b83c86f41
95,16409,STEKLARSKI CENTER LESKOŠEK d.o.o.,50940856,1195140,"Hausenbichlerjeva ulica 9, 3310 Žalec",MANY_LOW_SIGNAL_CANDIDATES,4,4,,steklarstvo-leskosek.si,83,NO_LEADER,77,steklarstvo-leskosek.si,,CONFIRMED_OFFICIAL_WEBSITE,HIGH,steklarstvo-leskosek.si,steklarstvo-leskosek.si|steklarskicenterleskosek.com|steklarskicenterleskosek.eu|steklarskicenterleskosek.si|facebook.com,Y,Y,Y,steklarstvo-leskosek.si,CORRECT_DOMAIN_ALREADY_IN_STORED_EVIDENCE,NOT_STATED,AUTHORIZATION_THRESHOLD_TOO_STRICT,NO_AI_DETERMINISTIC_EVIDENCE_SUFFICIENT,assert_1401f21bb41b0faf54ff75d2075ad3e431225f8ed3dd87016dd3284fad7079a4,src_75cc2f84e2ce7716e0a6afb2f27b5a655a2503577eb11918ca52f83b83c86f41
96,16149,SPIN-INVEST d.o.o.,67231551,9344900,"Vrunčeva ulica 1, 3000 Celje",CROSS_COUNTRY_COLLISION,14,14,,omisli.si,58,NO_LEADER,8,,nisem našel www,LIKELY_NO_OFFICIAL_WEBSITE,MEDIUM,,omisli.si|poslovnenovine.ba|spinthewheel.io|choicespin.com|spinthewheel.app|pickerwheel.com,N,N,N,,LIKELY_NO_OFFICIAL_WEBSITE,NOT_STATED,NO_FALSE_NEGATIVE_SUPPORTED,NO_AI_BY_DEFAULT,assert_485316c617ae2e0bb80df0c3d2d434bb69f78cceddce11c89c7aeb2f3ef342b3,src_75cc2f84e2ce7716e0a6afb2f27b5a655a2503577eb11918ca52f83b83c86f41
97,4615,BIOSISTEMIKA d.o.o.,58444211,3697045,"Koprska ulica 94, 1000 Ljubljana",TWO_CLOSE_CANDIDATES,2,2,https://biosistemika.com/contact-us/,tp-lj.si,114,NO_LEADER,16,https://biosistemika.com/,tplj je tehnološki park ljubljana,CONFIRMED_OFFICIAL_WEBSITE,HIGH,biosistemika.com,tp-lj.si|biosistemika.com|search.infobelpro.com|bizi.si|companywall.si,Y,N,Y,biosistemika.com,CORRECT_DOMAIN_PRESENT_BUT_NOT_SELECTED,NOT_STATED,CANDIDATE_RANKING_OR_ATTRIBUTION,NO_AI_DETERMINISTIC_EVIDENCE_SUFFICIENT,assert_628bf6c66333dd08d78483f94a0fd75609e22afef6c15f35f9af1f88ed284857,src_75cc2f84e2ce7716e0a6afb2f27b5a655a2503577eb11918ca52f83b83c86f41
98,9084,STARI MULIN d.o.o.,10420983,6811213,"Sermin 19, 6000 Koper - Capodistria",MANY_LOW_SIGNAL_CANDIDATES,6,6,,restavracija-almulin.si,139,NO_LEADER,0,https://al-mulin.si,,CONFIRMED_OFFICIAL_WEBSITE,HIGH,al-mulin.si,restavracija-almulin.si|visitkoper.si|al-mulin.si|starimulin.com|starimulin.eu|starimulin.si,Y,N,Y,al-mulin.si,CORRECT_DOMAIN_PRESENT_BUT_NOT_SELECTED,NOT_STATED,CANDIDATE_RANKING_OR_ATTRIBUTION,NO_AI_DETERMINISTIC_EVIDENCE_SUFFICIENT,assert_bc488c69c69a6c99a520cc40cfa9fb4d401a258c807e3357c4ac7db575b81908,src_75cc2f84e2ce7716e0a6afb2f27b5a655a2503577eb11918ca52f83b83c86f41
99,2187,G + S d.o.o.,85024821,3450988,"Nemčavci 69, 9000 Murska Sobota",CROSS_COUNTRY_COLLISION,3,3,,diepolstermacher.com,321,NO_LEADER,10,diepolstermacher.com,"konfuzno - to je korpo stran, ne od slovenske firme temveč njihovih lastnikov",WRONG_ENTITY_OR_CROSS_COUNTRY,MEDIUM,diepolstermacher.com,diepolstermacher.com|diepolstermacher.de|info.si|pirs.si|companywall.si|bizi.si,Y,Y,Y,diepolstermacher.com,WRONG_ENTITY_OR_CROSS_COUNTRY,NOT_STATED,ENTITY_OR_COUNTRY_COLLISION,ELIGIBLE_ENTITY_DISAMBIGUATION,assert_428d0b9b66e6fe2782ddf8ff68bee613fb9302a002ce374072e607d027a07fa1,src_75cc2f84e2ce7716e0a6afb2f27b5a655a2503577eb11918ca52f83b83c86f41
100,13167,DOBRA MISEL d.o.o.,37263960,2271613,"Robova cesta 31A, 1360 Vrhnika",TWO_CLOSE_CANDIDATES,2,2,https://www.dobramisel.net/kontakt/,vseposel.com,50,NO_LEADER,22,https://www.dobramisel.net/,tudi dobramisel.si,CONFIRMED_OFFICIAL_WEBSITE,HIGH,dobramisel.net,vseposel.com|dobramisel.net|arkopharma.si|bizi.si|odpiralnicasi.com,Y,N,Y,dobramisel.net,CORRECT_DOMAIN_PRESENT_BUT_NOT_SELECTED,NOT_STATED,CANDIDATE_RANKING_OR_ATTRIBUTION,NO_AI_DETERMINISTIC_EVIDENCE_SUFFICIENT,assert_c9281ab8107149133218f18b554102ff7d4b74212b7f4cf4827f46c04915b987,src_75cc2f84e2ce7716e0a6afb2f27b5a655a2503577eb11918ca52f83b83c86f41
