sample_position,canonical_company_id,company_name,ANDREJ_OFFICIAL_WEBSITE,ANDREJ_NOTES,ambiguity_category,benchmark_outcome,candidate_preview_complete,diagnostic_leader,stored_candidate_domains,human_domain_in_stored_candidates,domain_presence_interpretation,primary_failure_mode,secondary_failure_mode,problem_area,aggregate_problem_family,resolver_vnext_should_solve,selective_ai_material_value,stored_evidence_fixability,new_search_requirement,specific_preventive_capability,analysis_confidence,analysis_note
4,15812,"SPV, STANOVANJSKO PODJETJE VELEN...",https://www.sp-velenje.si,,NO_MEANINGFUL_IDENTITY_SUPPORT,OFFICIAL_EXISTS_BUT_SEARCH_MISSED,Y,spvstanovanjskopodjetjevelen.com,spvstanovanjskopodjetjevelen.com|spvstanovanjskopodjetjevelen.eu|spvstanovanjskopodjetjevelen.si,N,NO,BRAND_LEGAL_NAME_MISMATCH,QUERY_VS_EXTRACTION_UNDETERMINED,SEARCH,SEARCH,YES_DETERMINISTIC_AFTER_P1,NO,NO_RELEVANT_DOMAIN_ABSENT,YES_NEW_QUERY,Acronym/trading-name query generation plus exact identifier/address corroboration.,MEDIUM,"The official domain uses the public SP Velenje form, while stored candidates are mechanical legal-name domains."
10,16690,ŠTRK - GRMIČ d.o.o.,https://www.eusredstva.si,težko najti,NO_MEANINGFUL_IDENTITY_SUPPORT,OFFICIAL_EXISTS_BUT_SEARCH_MISSED,Y,strkgrmic.com,strkgrmic.com|strkgrmic.eu|strkgrmic.si,N,NO,BRAND_LEGAL_NAME_MISMATCH,QUERY_VS_EXTRACTION_UNDETERMINED,SEARCH,SEARCH,NO_SELECTIVE_AI_AFTER_P1,YES_AFTER_P0_P1,NO_RELEVANT_DOMAIN_ABSENT,YES_NEW_QUERY,"Recover public project/trading names from structured records and snippets, then query them with the legal identity.",MEDIUM,The reviewed domain is semantically unrelated to the legal-name-generated candidates and Andrej marked it difficult.
11,11719,BENZ d.o.o.,https://www.restavracija-bolero.si,težko najti,NO_MEANINGFUL_IDENTITY_SUPPORT,OFFICIAL_EXISTS_BUT_SEARCH_MISSED,Y,zhihu.com,zhihu.com|frontporchforum.com|blog.frontporchforum.com|benz.com|benz.eu|benz.si,N,NO,BRAND_LEGAL_NAME_MISMATCH,GENERIC_LEGAL_NAME_AND_QUERY_VS_EXTRACTION_UNDETERMINED,SEARCH,SEARCH,NO_SELECTIVE_AI_AFTER_P1,YES_AFTER_P0_P1,NO_RELEVANT_DOMAIN_ABSENT,YES_NEW_QUERY,"Trading-name/venue discovery for generic legal names, constrained by address, activity and identifiers.",MEDIUM,BENZ is generic; the public website is the restaurant brand Bolero.
13,5869,Bartec Central Services d.o.o.,,"ni slo www; emaili so na bartec.com ki je morda stran ""mame"", definitivno pa ne njihova",NO_MEANINGFUL_IDENTITY_SUPPORT,COMPLEX_BRAND_OR_GROUP_RELATIONSHIP,Y,barteccentralservices.com,barteccentralservices.com|barteccentralservices.eu|barteccentralservices.si,N,NO_CONFIRMED_OFFICIAL_DOMAIN,PARENT_GROUP_RELATIONSHIP,NO_LOCAL_OFFICIAL_WEBSITE,ENTITY_RELATIONSHIP,ENTITY_RELATIONSHIP,NO_SELECTIVE_AI_AFTER_P1,YES_AFTER_P0_P1,UNKNOWN_NO_HUMAN_OFFICIAL_DOMAIN,NO,Model parent/group email-domain relationships without promoting the group root as the local entity website.,HIGH,Andrej explicitly says bartec.com may be the parent site and is definitely not the Slovenian company site.
14,313,GEMINI MS d.o.o.,vilapreseren.com,težko najti,NO_MEANINGFUL_IDENTITY_SUPPORT,OFFICIAL_EXISTS_BUT_SEARCH_MISSED,Y,geminims.com,geminims.com|geminims.eu|geminims.si,N,NO,BRAND_LEGAL_NAME_MISMATCH,QUERY_VS_EXTRACTION_UNDETERMINED,SEARCH,SEARCH,NO_SELECTIVE_AI_AFTER_P1,YES_AFTER_P0_P1,NO_RELEVANT_DOMAIN_ABSENT,YES_NEW_QUERY,Trading-name discovery from address/activity/structured sources before domain search.,MEDIUM,The public Vila Preseren brand is not derivable from GEMINI MS by token matching alone.
19,15908,"OTROŠKA IGRALNICA MALINA, d.o.o.",https://www.vrtecmalina.si,,NO_MEANINGFUL_IDENTITY_SUPPORT,OFFICIAL_EXISTS_BUT_SEARCH_MISSED,Y,otroskaigralnicamalina.com,otroskaigralnicamalina.com|otroskaigralnicamalina.eu|otroskaigralnicamalina.si,N,NO,BRAND_LEGAL_NAME_MISMATCH,TRADING_NAME_DISCOVERY,SEARCH,SEARCH,YES_DETERMINISTIC_AFTER_P1,NO,NO_RELEVANT_DOMAIN_ABSENT,YES_NEW_QUERY,"Use registered activity, address and persisted snippets to discover and query the Vrtec Malina trading name.",MEDIUM,"The official domain uses the kindergarten brand, not the full legal name."
25,3845,Outbrain d.o.o.,,"poznam firmo, vmes so naredili rebranding, so del korporacije Teads, teads.com; nisem mogel tega najti",NO_MEANINGFUL_IDENTITY_SUPPORT,COMPLEX_BRAND_OR_GROUP_RELATIONSHIP,Y,outbrain.com,outbrain.com|outbrain.eu|outbrain.si,N,NO_CONFIRMED_OFFICIAL_DOMAIN,REBRAND_OR_SUCCESSOR_ENTITY,NO_SUCCESSOR_CANDIDATE,ENTITY_RELATIONSHIP,ENTITY_RELATIONSHIP,NO_SELECTIVE_AI_AFTER_P1,YES_AFTER_P0_P1,NO_RELEVANT_DOMAIN_ABSENT,YES_NEW_QUERY,Time-versioned predecessor/successor and rebrand relationship assertions with explicit effective dates.,HIGH,Andrej identifies Outbrain as rebranded/inside Teads; the successor domain is absent from the preview.
26,15219,"PRO ACTIV, d.o.o., Ljubljana",https://pro-activ.si,lahko najti; spletna stran se je dlje časa nalagala,NO_MEANINGFUL_IDENTITY_SUPPORT,OFFICIAL_EXISTS_BUT_SEARCH_MISSED,Y,proactiv.com,proactiv.com|proactiv.eu|proactiv.si,N,NO,RETRIEVAL_VS_EXTRACTION_UNDETERMINED,DOMAIN_TOKENIZATION_VARIANT,CANDIDATE_EXTRACTION,SEARCH,YES_DETERMINISTIC_AFTER_P1,NO,NO_RELEVANT_DOMAIN_ABSENT,REPLAY_STORED_RESULTS_FIRST,"Replay stored results for URL extraction, then add bounded hyphen/token variants before issuing another query.",MEDIUM,"The site was easy to find and differs from proactiv.si mainly by a hyphen, but result-level evidence is not committed."
27,13803,"ENERKO BIRO, d.o.o.",https://www.enerko.si/kontakt.html,lahko najti,NO_MEANINGFUL_IDENTITY_SUPPORT,OFFICIAL_EXISTS_BUT_SEARCH_MISSED,Y,enerkobiro.com,enerkobiro.com|enerkobiro.eu|enerkobiro.si,N,NO,RETRIEVAL_VS_EXTRACTION_UNDETERMINED,LEGAL_NAME_SUFFIX_OVERFIT,CANDIDATE_EXTRACTION,SEARCH,YES_DETERMINISTIC_AFTER_P1,NO,NO_RELEVANT_DOMAIN_ABSENT,REPLAY_STORED_RESULTS_FIRST,Replay stored result URLs/snippets and query the distinctive legal-name stem without the generic BIRO suffix.,MEDIUM,The easy-to-find domain is enerko.si; stored candidates mechanically include the generic suffix.
28,16991,KIK-IN d.o.o.,https://kik-gradnje.com,lahko najti,NO_MEANINGFUL_IDENTITY_SUPPORT,OFFICIAL_EXISTS_BUT_SEARCH_MISSED,Y,kikin.com,kikin.com|kikin.eu|kikin.si,N,NO,BRAND_LEGAL_NAME_MISMATCH,QUERY_VS_EXTRACTION_UNDETERMINED,SEARCH,SEARCH,YES_DETERMINISTIC_AFTER_P1,NO,NO_RELEVANT_DOMAIN_ABSENT,YES_NEW_QUERY,"Generate activity/trading-name combinations such as KIK + gradnje, bounded by exact company identity.",MEDIUM,The site was easy to find but the official domain adds the trading/activity term gradnje.
29,9322,DELTA TRANSPORTNI SISTEM – DTS d...,,slovenske strani ni - samo srbska (dts.rs),NO_MEANINGFUL_IDENTITY_SUPPORT,WRONG_ENTITY_OR_CROSS_COUNTRY,Y,deltatransportnisistemdtsd.com,deltatransportnisistemdtsd.com|deltatransportnisistemdtsd.eu|deltatransportnisistemdtsd.si,N,NO_CONFIRMED_OFFICIAL_DOMAIN,CROSS_COUNTRY_COLLISION,NO_LOCAL_OFFICIAL_WEBSITE,ENTITY_RELATIONSHIP,ENTITY_RELATIONSHIP,YES_DETERMINISTIC_UNKNOWN,NO,UNKNOWN_NO_HUMAN_OFFICIAL_DOMAIN,NO,Country/entity gating: a foreign same-name site cannot become official without an explicit legal relationship.,HIGH,Andrej found only the Serbian site and explicitly states there is no Slovenian site.
44,763,FF GROUP d.o.o.,,naj bi bila ffgroup.si vendar nima vsebine,THIRD_PARTY_NOISE_DOMINATES,HUMAN_REVIEW_UNRESOLVED,Y,ffgroup.com,ffgroup.com|ajpes.si|ffgroup.eu|ffgroup.si|bizi.si|companywall.si,N,NO_CONFIRMED_OFFICIAL_DOMAIN_RELATED_OR_NO_CONTENT_CANDIDATE_PRESENT,DOMAIN_EXISTS_NO_CONTENT,INSUFFICIENT_OWNERSHIP_CONTENT,INSUFFICIENT_EVIDENCE,INSUFFICIENT_EVIDENCE,YES_DETERMINISTIC_UNKNOWN,NO,YES_STORED_CANDIDATE_PREVIEW,NO,Treat an empty/nonfunctional candidate as UNKNOWN unless an exact structured identity bridge proves ownership.,HIGH,"ffgroup.si is already a candidate, but Andrej says it has no content."
45,10224,"SCHOOL SERVICE d.o.o., Ljubljana",https://www.sbus.si/o-nas,težko najti,THIRD_PARTY_NOISE_DOMINATES,OFFICIAL_EXISTS_BUT_SEARCH_MISSED,Y,schoolservice.com,schoolservice.com|moje-podjetje.net|schoolservice.eu|schoolservice.si|bizi.si|companywall.si,N,NO,BRAND_LEGAL_NAME_MISMATCH,QUERY_VS_EXTRACTION_UNDETERMINED,SEARCH,SEARCH,NO_SELECTIVE_AI_AFTER_P1,YES_AFTER_P0_P1,NO_RELEVANT_DOMAIN_ABSENT,YES_NEW_QUERY,Discover public-facing abbreviations/brands such as SBUS from structured or persisted snippet evidence.,MEDIUM,The reviewed SBUS domain is unrelated to mechanical SCHOOL SERVICE candidates and was difficult to find.
49,13974,GRADBENIŠTVO LORENČIČ d.o.o.,,"nisem našel www; podobnost z ""gradbeni servis lorenčič d.o.o."", vendar to ni ista firma",THIRD_PARTY_NOISE_DOMINATES,WRONG_ENTITY_OR_CROSS_COUNTRY,Y,gradbenistvolorencic.com,gradbenistvolorencic.com|moje-podjetje.net|gradbenistvolorencic.eu|gradbenistvolorencic.si|bizi.si|najdi.si,N,NO_CONFIRMED_OFFICIAL_DOMAIN,WRONG_ENTITY,SIMILAR_LEGAL_ENTITY,RESOLVER_ATTRIBUTION,RESOLVER_ATTRIBUTION,YES_DETERMINISTIC_UNKNOWN,NO,UNKNOWN_NO_HUMAN_OFFICIAL_DOMAIN,NO,Require exact tax/registration or equivalent address identity before accepting a same/similar-name entity.,HIGH,Andrej explicitly distinguishes Gradbeni servis Lorencic as a different company.
56,2986,BSL d.o.o.,https://parkirnahisa.si,težko najti,ONE_MODERATE_LEADER,OFFICIAL_EXISTS_BUT_SEARCH_MISSED,Y,artos.si,artos.si|slo-companies.com|sbc.si|bsl.com|bsl.eu|bsl.si,N,NO,BRAND_LEGAL_NAME_MISMATCH,QUERY_VS_EXTRACTION_UNDETERMINED,SEARCH,SEARCH,NO_SELECTIVE_AI_AFTER_P1,YES_AFTER_P0_P1,NO_RELEVANT_DOMAIN_ABSENT,YES_NEW_QUERY,Trading-name/location/activity query expansion for generic short legal names.,MEDIUM,BSL is too generic; the public website is Parkirna Hisa and was difficult to find.
58,14174,"ENERGA, d.o.o.",https://energasistemi.si,težko najti,ONE_MODERATE_LEADER,OFFICIAL_EXISTS_BUT_SEARCH_MISSED,Y,energa.si,energa.si|mojobrtnik.com|energa.hr|bizi.si|companywall.si|najdi.si,N,NO,BRAND_LEGAL_NAME_MISMATCH,QUERY_VS_EXTRACTION_UNDETERMINED,SEARCH,SEARCH,NO_SELECTIVE_AI_AFTER_P1,YES_AFTER_P0_P1,NO_RELEVANT_DOMAIN_ABSENT,YES_NEW_QUERY,Query validated brand/service-name expansions and bind them back to legal identity.,MEDIUM,energasistemi.si is not among stored candidates and Andrej marked it difficult.
62,11630,C.I.A.K. d.o.o.,,"ciak.si obstaja ampak je brez vsebine. Ciak-avto.si obstaja ampak je povezan s firmo ""c.i.a.k. Avto d.o.o."" kar ni prava, je pa zelo podobna. Komplicirani.",ONE_MODERATE_LEADER,COMPLEX_BRAND_OR_GROUP_RELATIONSHIP,Y,ciak.si,ciak.si|emis.com|ciak.com|ciak.eu|companywall.si|bizi.si,N,NO_CONFIRMED_OFFICIAL_DOMAIN_RELATED_OR_NO_CONTENT_CANDIDATE_PRESENT,WRONG_ENTITY,DOMAIN_EXISTS_NO_CONTENT,RESOLVER_ATTRIBUTION,RESOLVER_ATTRIBUTION,YES_DETERMINISTIC_UNKNOWN,NO,YES_STORED_CANDIDATE_PREVIEW,NO,Identifier-bound entity disambiguation plus no-content handling; never transfer evidence from C.I.A.K. Avto.,HIGH,"ciak.si is present but empty; ciak-avto.si belongs to a similar, different legal entity."
63,10158,BAIMS d.o.o.,https://notranje-pohistvo.com/ IN http://pohistvo-baims.si,"dve spletni strani, ista firma, nenavadno in konfuzno.",ONE_MODERATE_LEADER,COMPLEX_BRAND_OR_GROUP_RELATIONSHIP,Y,pohistvo-baims.si,pohistvo-baims.si|vseposel.com|notranje-pohistvo.com|baims.com|baims.eu|baims.si,Y,YES,MULTI_DOMAIN,CANDIDATE_PRESENT_NOT_SELECTED,RESOLVER_ATTRIBUTION,RESOLVER_ATTRIBUTION,YES_DETERMINISTIC,NO,YES_STORED_CANDIDATE_PREVIEW,NO,"Represent multiple validated official domains, retain alternatives, and select a canonical site by explicit policy.",HIGH,Both human-entered domains are already in the stored candidate preview.
70,8494,YUZER d.o.o.,,"nisem našel www;ly-holding.com je pravilno najdena stran iz email naslova ampak se gre za neko avstrijsko stran, morda principal",ONE_MODERATE_LEADER,COMPLEX_BRAND_OR_GROUP_RELATIONSHIP,Y,ly-holding.com,ly-holding.com|yuzer.com|yuzer.eu|yuzer.si|bizi.si|companywall.si,N,NO_CONFIRMED_OFFICIAL_DOMAIN_RELATED_OR_NO_CONTENT_CANDIDATE_PRESENT,PARENT_GROUP_RELATIONSHIP,FOREIGN_PRINCIPAL,ENTITY_RELATIONSHIP,ENTITY_RELATIONSHIP,NO_SELECTIVE_AI_AFTER_P1,YES_AFTER_P0_P1,YES_STORED_CANDIDATE_PREVIEW,NO,Represent PRINCIPAL/PARENT relationships separately from OFFICIAL_WEBSITE and prohibit implicit promotion.,HIGH,"ly-holding.com is the stored leader but Andrej identifies it as a possible Austrian principal, not YUZER."
77,11788,MARS MUSIC d.o.o.,dallas.si,težko najti,ONE_CLEAR_EVIDENCE_LEADER,OFFICIAL_EXISTS_BUT_SEARCH_MISSED,Y,xn--mojaobina-qfb.si,xn--mojaobina-qfb.si|mojaobcina.si|marsmusic.com|marsmusic.eu|marsmusic.si|acompio.si,N,NO,BRAND_LEGAL_NAME_MISMATCH,QUERY_VS_EXTRACTION_UNDETERMINED,SEARCH,SEARCH,NO_SELECTIVE_AI_AFTER_P1,YES_AFTER_P0_P1,NO_RELEVANT_DOMAIN_ABSENT,YES_NEW_QUERY,Music-label/trading-name discovery bound to legal identity and address.,MEDIUM,Dallas is the public brand/domain for MARS MUSIC and was difficult to find.
80,11085,ELEKTRO BRATINA d.o.o.,elektro-bratina.si,stran brez vsebine,ONE_CLEAR_EVIDENCE_LEADER,OFFICIAL_EXISTS_BUT_SEARCH_MISSED,Y,xn--mojaobina-qfb.si,xn--mojaobina-qfb.si|bilance.si|najdi.si|dnb.com|mojaobcina.si|elektrobratina.com,N,NO,DOMAIN_EXISTS_NO_CONTENT,RETRIEVAL_VS_EXTRACTION_UNDETERMINED,INSUFFICIENT_EVIDENCE,INSUFFICIENT_EVIDENCE,YES_DETERMINISTIC_UNKNOWN,NO,NO_RELEVANT_DOMAIN_ABSENT,NO,No-content candidates remain UNKNOWN; use an exact structured identity bridge instead of semantic inference or AI.,HIGH,The reviewed domain exists but has no content and is absent from the complete candidate preview.
81,18010,Hiša Cvet d.o.o.,prcvetu.com,praktično nemogoče najti brez ai,ONE_CLEAR_EVIDENCE_LEADER,HUMAN_REVIEW_UNRESOLVED,N,xn--mojaobina-qfb.si,xn--mojaobina-qfb.si|studiofaca.com|mojaobcina.si|mjob.si|hisacvet.com|hisacvet.eu,N,UNKNOWN_TRUNCATED,INSUFFICIENT_EVIDENCE,TRUNCATED_CANDIDATE_PREVIEW,INSUFFICIENT_EVIDENCE,INSUFFICIENT_EVIDENCE,NO_SELECTIVE_AI_AFTER_P1,YES_AFTER_P0_P1,UNKNOWN_TRUNCATED,FULL_STORED_EVIDENCE_FIRST,Inspect the complete stored candidate/evidence set before search; AI may choose only among evidenced domains.,HIGH,"Andrej says it was practically impossible without AI, and the committed candidate preview is truncated."
84,2924,YASKAWA Europe Robotics d.o.o.,yaskava.si,"konfuzno ker so korporacija, mednarodna. Zelo težko najti pravi rezultat.",ONE_CLEAR_EVIDENCE_LEADER,COMPLEX_BRAND_OR_GROUP_RELATIONSHIP,Y,xn--mojaobina-qfb.si,xn--mojaobina-qfb.si|yaskawa.si|slo-companies.com|mojaobcina.si|yaskawaeuroperobotics.com|yaskawaeuroperobotics.eu,N,NO_EXACT_HUMAN_VALUE_NEAR_MATCH_PRESENT,PARENT_GROUP_RELATIONSHIP,INTERNATIONAL_GROUP_ATTRIBUTION_AND_HUMAN_SPELLING_CONFLICT,ENTITY_RELATIONSHIP,ENTITY_RELATIONSHIP,NO_SELECTIVE_AI_AFTER_P1,YES_AFTER_P0_P1,NEAR_MATCH_NOT_EXACT,NO,Entity-specific international group/subsidiary modeling plus explicit handling of human-value/domain spelling conflicts.,MEDIUM,"The human value yaskava.si is not exact; yaskawa.si is stored, but the relationship is corporate and international."
91,5336,BURGER TRANSPORT d.o.o.,burgerdoo.si,"več domen povezanih s to firmo, konfuzno",MANY_LOW_SIGNAL_CANDIDATES,COMPLEX_BRAND_OR_GROUP_RELATIONSHIP,Y,si.balkandrive.com,si.balkandrive.com|burger-skupina.si|burgertransport.com|burgertransport.eu|burgertransport.si|bizi.si,N,NO,MULTI_DOMAIN,CORRECT_DOMAIN_ABSENT_FROM_PREVIEW,RESOLVER_ATTRIBUTION,RESOLVER_ATTRIBUTION,NO_SELECTIVE_AI_AFTER_P1,YES_AFTER_P0_P1,NO_RELEVANT_DOMAIN_ABSENT,YES_NEW_QUERY,"Collect and cluster all company-related domains, then classify official, alternate, group and unrelated scopes.",HIGH,Andrej reports several connected domains; burgerdoo.si is not in the complete preview.
92,14996,VERENstan d.o.o.,https://www.verenstan.ba,"konfuzno, bosanska stran",CROSS_COUNTRY_COLLISION,WRONG_ENTITY_OR_CROSS_COUNTRY,N,verenstan.ba,verenstan.ba|xn--mojaobina-qfb.si|ajpes.si|daibau.ba|studiofaca.com|verenstan.com,Y,RELATED_DOMAIN_PRESENT_NOT_OFFICIAL,CROSS_COUNTRY_COLLISION,FOREIGN_DOMAIN_NOT_LOCAL_ENTITY,ENTITY_RELATIONSHIP,ENTITY_RELATIONSHIP,YES_DETERMINISTIC_UNKNOWN,NO,YES_STORED_CANDIDATE_PREVIEW,NO,Country/entity gates must keep a Bosnian domain as related/foreign unless exact Slovenian-entity evidence exists.,HIGH,"verenstan.ba is already the leader, but Andrej explicitly calls it a Bosnian site."
94,16303,SUPER STRELA d.o.o.,superstrela.com,"bolha je spletna tržnica, kjer pa imajo trgovine lahko svojo predstavitev",SAME_DOMAIN_VARIANTS,COMPLEX_BRAND_OR_GROUP_RELATIONSHIP,Y,superstrela.com,superstrela.com|bolha.com|pametnidom.superstrela.com|vrtinkampiranje.superstrela.com|bizi.si|companywall.si,Y,YES,MARKETPLACE_OR_PROFILE_ONLY,CANDIDATE_PRESENT_NOT_SELECTED_AND_SAME_DOMAIN_VARIANTS,RESOLVER_ATTRIBUTION,RESOLVER_ATTRIBUTION,YES_DETERMINISTIC,NO,YES_STORED_CANDIDATE_PREVIEW,NO,Hard-exclude marketplace/profile operators as official; group same registrable-domain variants and prefer verified root scope.,HIGH,superstrela.com is present; Bolha is only a marketplace profile source.
99,2187,G + S d.o.o.,diepolstermacher.com,"konfuzno - to je korpo stran, ne od slovenske firme temveč njihovih lastnikov",CROSS_COUNTRY_COLLISION,WRONG_ENTITY_OR_CROSS_COUNTRY,Y,diepolstermacher.com,diepolstermacher.com|diepolstermacher.de|info.si|pirs.si|companywall.si|bizi.si,Y,RELATED_DOMAIN_PRESENT_NOT_OFFICIAL,PARENT_GROUP_RELATIONSHIP,FOREIGN_PARENT_OWNER_DOMAIN,ENTITY_RELATIONSHIP,ENTITY_RELATIONSHIP,NO_SELECTIVE_AI_AFTER_P1,YES_AFTER_P0_P1,YES_STORED_CANDIDATE_PREVIEW,NO,Model owner/parent domains explicitly and forbid their promotion to the Slovenian subsidiary without entity evidence.,HIGH,"The stored leader is the foreign owners’ corporate site, not the Slovenian company site."
